sample_file_name,ladder_id,plate_id,repeat_positive_control_TF,repeat_positive_control_length,sample_group_id,indices_baseline_control_TF,cell_strain,days
324978m_E01_ZM111.fsa,,1,,,G,,,
324978m_E02_ZM112.fsa,,1,,,G,,,
324978m_E03_ZM113.fsa,,1,,,G,,,
324978m_E04_ZM114.fsa,,1,,,G,,,
324978m_E05_ZM115.fsa,,1,,,G,,,
324978m_E06_ZM116.fsa,,1,,,G,,,
324978m_E07_ZM117.fsa,,1,,,G,,,
324978m_E08_ZM118.fsa,,1,,,G,,,
324978m_E09_ZM119.fsa,,1,,,G,,,
324978m_E10_ZM120.fsa,,1,,,G,,,
324978m_E11_ZM121.fsa,,1,,,G,,,
324978m_E12_ZM122.fsa,,1,,,G,TRUE,,
324978m_F01_ZM123.fsa,,1,,,G,,,
324978m_F02_ZM124.fsa,,1,,,G,,,
324978m_F03_ZM125.fsa,,1,,,G,,,
324978m_F04_ZM126.fsa,,1,,,G,,,
324978m_F05_ZM128.fsa,,1,,,G,,,
324978m_F06_ZM129.fsa,,1,,,G,,,
324978m_F07_ZM130.fsa,,1,,,G,,,
324978m_F08_ZM131.fsa,,1,,,G,,,
S-21-162_CAG1Hu3.fsa,,2,,,A,TRUE,HEK293T_159_1,0
S-21-164_CAG1Hu3.fsa,,2,,,B,,HEK293T_159_3,0
S-21-168_CAG1Hu3.fsa,,2,,,C,TRUE,HEK293T_026_FAN1KO_4,0
S-21-169_CAG1Hu3.fsa,,2,,,D,TRUE,HEK293T_026_FAN1KO_5,0
S-21-174_CAG1Hu3.fsa,,2,,,E,TRUE,HEK293T_026_WT_4,0
S-21-176_CAG1Hu3.fsa,,2,,,F,TRUE,HEK293T_026_WT_6,0
S-21-205_CAG1Hu3.fsa,,2,,,A,,HEK293T_159_1,13
S-21-206_CAG1Hu3.fsa,,2,,,B,,HEK293T_159_3,13
S-21-207_CAG1Hu3.fsa,,2,,,C,,HEK293T_026_FAN1KO_4,13
S-21-208_CAG1Hu3.fsa,,2,,,D,,HEK293T_026_FAN1KO_5,13
S-21-209_CAG1Hu3.fsa,,2,,,E,,HEK293T_026_WT_4,13
S-21-210_CAG1Hu3.fsa,,2,,,F,,HEK293T_026_WT_6,13
S-21-211.fsa,,1,TRUE,113,A,,,
S-21-211_CAG1Hu3.fsa,,2,TRUE,113,A,,HEK293T_159_1 no dox,13
S-21-211_HEK293T_159_1-no-dox.fsa,,3,TRUE,113,A,,,
S-21-212.fsa,,1,TRUE,115,B,,,
S-21-212_CAG1Hu3.fsa,,2,TRUE,115,B,TRUE,HEK293T_159_3 no dox,13
S-21-212_HEK293T_159_3-no-dox.fsa,,3,TRUE,115,B,,,
S-21-218_CAG1Hu3.fsa,,2,,,A,,HEK293T_159_1,25
S-21-219_CAG1Hu3.fsa,,2,,,B,,HEK293T_159_3,25
S-21-220_CAG1Hu3.fsa,,2,,,C,,HEK293T_026_FAN1KO_4,25
S-21-221_CAG1Hu3.fsa,,2,,,D,,HEK293T_026_FAN1KO_5,25
S-21-222_CAG1Hu3.fsa,,2,,,E,,HEK293T_026_WT_4,25
S-21-223_CAG1Hu3.fsa,,2,,,F,,HEK293T_026_WT_6,25
S-21-224_CAG1Hu3.fsa,,2,,,A,,HEK293T_159_1 no dox,25
S-21-225_CAG1Hu3.fsa,,2,,,B,,HEK293T_159_3 no dox,25
S-21-299_CAG1Hu3.fsa,,2,,,A,,HEK293T_159_1,36
S-21-300_CAG1Hu3.fsa,,2,,,B,,HEK293T_159_3,36
S-21-301_CAG1Hu3.fsa,,2,,,C,,HEK293T_026_FAN1KO_4,36
S-21-302_CAG1Hu3.fsa,,2,,,D,,HEK293T_026_FAN1KO_5,36
S-21-303_CAG1Hu3.fsa,,2,,,E,,HEK293T_026_WT_4,36
S-21-304_CAG1Hu3.fsa,,2,,,F,,HEK293T_026_WT_6,36
S-21-305_CAG1Hu3.fsa,,2,,,A,,HEK293T_159_1 no dox,36
S-21-306_CAG1Hu3.fsa,,2,,,B,,HEK293T_159_3 no dox,36
S-21-371_WT_HEK293T_P-21-390_c12.fsa,,3,,,H,,,
S-21-376_WT_HEK293T_P-21-390_c17.fsa,,3,,,H,,,
S-21-377_WT_HEK293T_P-21-390_c18.fsa,,3,,,H,,,
S-21-388WT_HEK293T_P-21-390_c29.fsa,,3,,,H,TRUE,,
S-21-390_WT_HEK293T_P-21-390_c31.fsa,,3,,,H,,,
S-21-391_WT_HEK293T_P-21-390_c32.fsa,,3,,,H,,,
S-21-392_WT_HEK293T_P-21-390_c34.fsa,,3,,,H,,,
S-21-393_WT_HEK293T_P-21-390_c39.fsa,,3,,,H,,,
S-21-394_WT_HEK293T_P-21-390_c46.fsa,,3,,,H,,,
S-21-396_WT_HEK293T_P-21-390_c55.fsa,,3,,,H,,,
S-21-397_WT_HEK293T_P-21-390_c60.fsa,,3,,,H,,,
S-21-398_MNU216_p6.fsa,,3,,,I,,,
S-21-401WT_HEK293T_P-21-297_c07.fsa,,3,,,I,,,
S-21-402WT_HEK293T_P-21-297_c08.fsa,,3,,,I,,,
S-21-403WT_HEK293T_P-21-297_c09.fsa,,3,,,I,,,
S-21-404WT_HEK293T_P-21-297_c10.fsa,,3,,,I,,,
S-21-406WT_HEK293T_P-21-297_c12.fsa,,3,,,I,TRUE,,
S-21-407WT_HEK293T_P-21-297_c13.fsa,,3,,,I,,,
S-21-408WT_HEK293T_P-21-297_c14.fsa,,3,,,I,,,
S-21-410WT_HEK293T_P-21-297_c16.fsa,,3,,,I,,,
S-21-414WT_HEK293T_P-21-297_c20.fsa,,3,,,I,,,
S-21-415WT_HEK293T_P-21-297_c21.fsa,,3,,,I,,,
S-21-438_WT_HEK293T_P-21-317_c02.fsa,,3,,,J,,,
S-21-439_WT_HEK293T_P-21-317_c03.fsa,,3,,,J,,,
S-21-440_WT_HEK293T_P-21-317_c04.fsa,,3,,,J,,,
S-21-441_WT_HEK293T_P-21-317_c05.fsa,,3,,,J,,,
S-21-442_WT_HEK293T_P-21-317_c06q.fsa,,3,,,J,,,
S-21-443_WT_HEK293T_P-21-317_c07q.fsa,,3,,,J,,,
S-21-445_WT_HEK293T_P-21-380_c02.fsa,,3,,,J,,,
S-21-446_WT_HEK293T_P-21-380_c03.fsa,,3,,,J,,,
S-21-447_WT_HEK293T_P-21-380_c04.fsa,,3,,,J,,,
S-21-448_WT_HEK293T_P-21-380_c05.fsa,,3,,,J,,,
S-21-450_WT_HEK293T_P-21-380_c07.fsa,,3,,,J,,,
S-21-452_WT_HEK293T_P-21-380_c09.fsa,,3,,,J,,,
S-21-453_WT_HEK293T_P-21-380_c10.fsa,,3,,,J,,,
S-21-456_WT_HEK293T_P-21-380_c13.fsa,,3,,,J,,,
S-21-457_WT_HEK293T_P-21-380_c14.fsa,,3,,,J,,,
S-21-459_WT_HEK293T_P-21-380_c16.fsa,,3,,,J,,,
S-21-460_WT_HEK293T_P-21-380_c17.fsa,,3,,,J,,,
S-21-461_WT_HEK293T_P-21-380_c18.fsa,,3,,,J,TRUE,,
S-21-466_WT_HEK293T_P-21-380_c19.fsa,,3,,,J,,,
S-21-468_WT_HEK293T_P-21-380_c21.fsa,,3,,,J,,,
S-21-469_WT_HEK293T_P-21-380_c22.fsa,,3,,,J,,,
S-21-471_WT_HEK293T_P-21-380_c23.fsa,,3,,,J,,,
S-21-472_WT_HEK293T_P-21-380_c24.fsa,,3,,,J,,,
S-21-473_WT_HEK293T_P-21-380_c25.fsa,,3,,,J,,,
S-21-474_WT_HEK293T_P-21-380_c26.fsa,,3,,,J,,,
S-22-039.fsa,,3,,,k,TRUE,,
S-22-040.fsa,,3,,,k,,,
S-22-103_RPE1_462_4.fsa,,3,,,L,,,
S-22-104_RPE1_463_17.fsa,,3,,,L,,,
S-22-105_RPE1_481_7.fsa,,3,,,L,,,
S-22-106_RPE1_481_23.fsa,,3,,,L,,,
S-22-107_RPE1_481_30.fsa,,3,,,L,,,
S-22-108_RPE1_481_50.fsa,,3,,,L,,,
S-22-109_RPE1_481_53.fsa,,3,,,L,,,
S-22-110_RPE1_481_60.fsa,,3,,,L,TRUE,,
S-22-111_RPE1_481_64.fsa,,3,,,L,,,
S-22-112_RPE1_481_78.fsa,,3,,,L,,,
