Sample,Repeat,Read_No
DMPX_BM1-N701-A-S502-A_S1_L001,1,0
DMPX_BM1-N701-A-S502-A_S1_L001,2,0
DMPX_BM1-N701-A-S502-A_S1_L001,3,2
DMPX_BM1-N701-A-S502-A_S1_L001,4,2
DMPX_BM1-N701-A-S502-A_S1_L001,5,6
DMPX_BM1-N701-A-S502-A_S1_L001,6,1
DMPX_BM1-N701-A-S502-A_S1_L001,7,2
DMPX_BM1-N701-A-S502-A_S1_L001,8,5
DMPX_BM1-N701-A-S502-A_S1_L001,9,5
DMPX_BM1-N701-A-S502-A_S1_L001,10,8
DMPX_BM1-N701-A-S502-A_S1_L001,11,20
DMPX_BM1-N701-A-S502-A_S1_L001,12,30
DMPX_BM1-N701-A-S502-A_S1_L001,13,104
DMPX_BM1-N701-A-S502-A_S1_L001,14,467
DMPX_BM1-N701-A-S502-A_S1_L001,15,2917
DMPX_BM1-N701-A-S502-A_S1_L001,16,16177
DMPX_BM1-N701-A-S502-A_S1_L001,17,219
DMPX_BM1-N701-A-S502-A_S1_L001,18,47
DMPX_BM1-N701-A-S502-A_S1_L001,19,13
DMPX_BM1-N701-A-S502-A_S1_L001,20,11
DMPX_BM1-N701-A-S502-A_S1_L001,21,12
DMPX_BM1-N701-A-S502-A_S1_L001,22,6
DMPX_BM1-N701-A-S502-A_S1_L001,23,9
DMPX_BM1-N701-A-S502-A_S1_L001,24,9
DMPX_BM1-N701-A-S502-A_S1_L001,25,6
DMPX_BM1-N701-A-S502-A_S1_L001,26,13
DMPX_BM1-N701-A-S502-A_S1_L001,27,15
DMPX_BM1-N701-A-S502-A_S1_L001,28,22
DMPX_BM1-N701-A-S502-A_S1_L001,29,24
DMPX_BM1-N701-A-S502-A_S1_L001,30,27
DMPX_BM1-N701-A-S502-A_S1_L001,31,35
DMPX_BM1-N701-A-S502-A_S1_L001,32,52
DMPX_BM1-N701-A-S502-A_S1_L001,33,61
DMPX_BM1-N701-A-S502-A_S1_L001,34,94
DMPX_BM1-N701-A-S502-A_S1_L001,35,133
DMPX_BM1-N701-A-S502-A_S1_L001,36,199
DMPX_BM1-N701-A-S502-A_S1_L001,37,505
DMPX_BM1-N701-A-S502-A_S1_L001,38,1287
DMPX_BM1-N701-A-S502-A_S1_L001,39,3640
DMPX_BM1-N701-A-S502-A_S1_L001,40,8197
DMPX_BM1-N701-A-S502-A_S1_L001,41,13704
DMPX_BM1-N701-A-S502-A_S1_L001,42,3364
DMPX_BM1-N701-A-S502-A_S1_L001,43,715
DMPX_BM1-N701-A-S502-A_S1_L001,44,333
DMPX_BM1-N701-A-S502-A_S1_L001,45,69
DMPX_BM1-N701-A-S502-A_S1_L001,46,19
DMPX_BM1-N701-A-S502-A_S1_L001,47,16
DMPX_BM1-N701-A-S502-A_S1_L001,48,8
DMPX_BM1-N701-A-S502-A_S1_L001,49,2
DMPX_BM1-N701-A-S502-A_S1_L001,50,3
DMPX_BM1-N701-A-S502-A_S1_L001,51,0
DMPX_BM1-N701-A-S502-A_S1_L001,52,1
DMPX_BM1-N701-A-S502-A_S1_L001,53,2
DMPX_BM1-N701-A-S502-A_S1_L001,54,4
DMPX_BM1-N701-A-S502-A_S1_L001,55,0
DMPX_BM1-N701-A-S502-A_S1_L001,56,1
DMPX_BM1-N701-A-S502-A_S1_L001,57,0
DMPX_BM1-N701-A-S502-A_S1_L001,58,2
DMPX_BM1-N701-A-S502-A_S1_L001,59,0
DMPX_BM1-N701-A-S502-A_S1_L001,60,0
DMPX_BM1-N701-A-S502-A_S1_L001,61,0
DMPX_BM1-N701-A-S502-A_S1_L001,62,1
DMPX_BM1-N701-A-S502-A_S1_L001,63,0
DMPX_BM1-N701-A-S502-A_S1_L001,64,0
DMPX_BM1-N701-A-S502-A_S1_L001,65,0
DMPX_BM1-N701-A-S502-A_S1_L001,66,2
DMPX_BM1-N701-A-S502-A_S1_L001,67,2
DMPX_BM1-N701-A-S502-A_S1_L001,68,1
DMPX_BM1-N701-A-S502-A_S1_L001,69,0
DMPX_BM1-N701-A-S502-A_S1_L001,70,1
DMPX_BM1-N701-A-S502-A_S1_L001,71,0
DMPX_BM1-N701-A-S502-A_S1_L001,72,1
DMPX_BM1-N701-A-S502-A_S1_L001,73,0
DMPX_BM1-N701-A-S502-A_S1_L001,74,0
DMPX_BM1-N701-A-S502-A_S1_L001,75,0
DMPX_BM1-N701-A-S502-A_S1_L001,76,0
DMPX_BM1-N701-A-S502-A_S1_L001,77,0
DMPX_BM1-N701-A-S502-A_S1_L001,78,0
DMPX_BM1-N701-A-S502-A_S1_L001,79,0
DMPX_BM1-N701-A-S502-A_S1_L001,80,2
DMPX_BM1-N701-A-S502-A_S1_L001,81,0
DMPX_BM1-N701-A-S502-A_S1_L001,82,0
DMPX_BM1-N701-A-S502-A_S1_L001,83,0
DMPX_BM1-N701-A-S502-A_S1_L001,84,0
DMPX_BM1-N701-A-S502-A_S1_L001,85,0
DMPX_BM1-N701-A-S502-A_S1_L001,86,0
DMPX_BM1-N701-A-S502-A_S1_L001,87,1
DMPX_BM1-N701-A-S502-A_S1_L001,88,0
DMPX_BM1-N701-A-S502-A_S1_L001,89,0
DMPX_BM1-N701-A-S502-A_S1_L001,90,0
DMPX_BM1-N701-A-S502-A_S1_L001,91,0
DMPX_BM1-N701-A-S502-A_S1_L001,92,0
DMPX_BM1-N701-A-S502-A_S1_L001,93,0
DMPX_BM1-N701-A-S502-A_S1_L001,94,0
DMPX_BM1-N701-A-S502-A_S1_L001,95,0
DMPX_BM1-N701-A-S502-A_S1_L001,96,0
DMPX_BM1-N701-A-S502-A_S1_L001,97,0
DMPX_BM1-N701-A-S502-A_S1_L001,98,2
DMPX_BM1-N701-A-S502-A_S1_L001,99,0
DMPX_BM1-N701-A-S502-A_S1_L001,100,0
DMPX_BM1-N701-A-S502-A_S1_L001,101,0
DMPX_BM1-N701-A-S502-A_S1_L001,102,1
DMPX_BM1-N701-A-S502-A_S1_L001,103,0
DMPX_BM1-N701-A-S502-A_S1_L001,104,0
DMPX_BM1-N701-A-S502-A_S1_L001,105,0
DMPX_BM1-N701-A-S502-A_S1_L001,106,0
DMPX_BM1-N701-A-S502-A_S1_L001,107,0
DMPX_BM1-N701-A-S502-A_S1_L001,108,0
DMPX_BM1-N701-A-S502-A_S1_L001,109,0
DMPX_BM1-N701-A-S502-A_S1_L001,110,0
DMPX_BM1-N701-A-S502-A_S1_L001,111,0
DMPX_BM1-N701-A-S502-A_S1_L001,112,0
DMPX_BM1-N701-A-S502-A_S1_L001,113,0
DMPX_BM1-N701-A-S502-A_S1_L001,114,0
DMPX_BM1-N701-A-S502-A_S1_L001,115,0
DMPX_BM1-N701-A-S502-A_S1_L001,116,0
DMPX_BM1-N701-A-S502-A_S1_L001,117,0
DMPX_BM1-N701-A-S502-A_S1_L001,118,0
DMPX_BM1-N701-A-S502-A_S1_L001,119,0
DMPX_BM1-N701-A-S502-A_S1_L001,120,0
DMPX_BM1-N701-A-S502-A_S1_L001,121,0
DMPX_BM1-N701-A-S502-A_S1_L001,122,0
DMPX_BM1-N701-A-S502-A_S1_L001,123,0
DMPX_BM1-N701-A-S502-A_S1_L001,124,0
DMPX_BM1-N701-A-S502-A_S1_L001,125,0
DMPX_BM1-N701-A-S502-A_S1_L001,126,0
DMPX_BM1-N701-A-S502-A_S1_L001,127,0
DMPX_BM1-N701-A-S502-A_S1_L001,128,1
DMPX_BM1-N701-A-S502-A_S1_L001,129,0
DMPX_BM1-N701-A-S502-A_S1_L001,130,0
DMPX_BM1-N701-A-S502-A_S1_L001,131,0
DMPX_BM1-N701-A-S502-A_S1_L001,132,0
DMPX_BM1-N701-A-S502-A_S1_L001,133,0
DMPX_BM1-N701-A-S502-A_S1_L001,134,1
DMPX_BM1-N701-A-S502-A_S1_L001,135,0
DMPX_BM1-N701-A-S502-A_S1_L001,136,0
DMPX_BM1-N701-A-S502-A_S1_L001,137,0
DMPX_BM1-N701-A-S502-A_S1_L001,138,0
DMPX_BM1-N701-A-S502-A_S1_L001,139,0
DMPX_BM1-N701-A-S502-A_S1_L001,140,0
DMPX_BM1-N701-A-S502-A_S1_L001,141,0
DMPX_BM1-N701-A-S502-A_S1_L001,142,0
DMPX_BM1-N701-A-S502-A_S1_L001,143,0
DMPX_BM1-N701-A-S502-A_S1_L001,144,0
DMPX_BM1-N701-A-S502-A_S1_L001,145,0
DMPX_BM1-N701-A-S502-A_S1_L001,146,0
DMPX_BM1-N701-A-S502-A_S1_L001,147,0
DMPX_BM1-N701-A-S502-A_S1_L001,148,0
DMPX_BM1-N701-A-S502-A_S1_L001,149,0
DMPX_BM1-N701-A-S502-A_S1_L001,150,0
DMPX_BM1-N701-A-S502-A_S1_L001,151,0
DMPX_BM1-N701-A-S502-A_S1_L001,152,0
DMPX_BM1-N701-A-S502-A_S1_L001,153,0
DMPX_BM1-N701-A-S502-A_S1_L001,154,0
DMPX_BM1-N701-A-S502-A_S1_L001,155,0
DMPX_BM1-N701-A-S502-A_S1_L001,156,0
DMPX_BM1-N701-A-S502-A_S1_L001,157,0
DMPX_BM1-N701-A-S502-A_S1_L001,158,1
DMPX_BM1-N701-A-S502-A_S1_L001,159,0
DMPX_BM1-N701-A-S502-A_S1_L001,160,0
DMPX_BM1-N701-A-S502-A_S1_L001,161,0
DMPX_BM1-N701-A-S502-A_S1_L001,162,0
DMPX_BM1-N701-A-S502-A_S1_L001,163,0
DMPX_BM1-N701-A-S502-A_S1_L001,164,0
DMPX_BM1-N701-A-S502-A_S1_L001,165,0
DMPX_BM1-N701-A-S502-A_S1_L001,166,0
DMPX_BM1-N701-A-S502-A_S1_L001,167,0
DMPX_BM1-N701-A-S502-A_S1_L001,168,0
DMPX_BM1-N701-A-S502-A_S1_L001,169,0
DMPX_BM1-N701-A-S502-A_S1_L001,170,0
DMPX_BM1-N701-A-S502-A_S1_L001,171,0
DMPX_BM1-N701-A-S502-A_S1_L001,172,1
DMPX_BM1-N701-A-S502-A_S1_L001,173,0
DMPX_BM1-N701-A-S502-A_S1_L001,174,0
DMPX_BM1-N701-A-S502-A_S1_L001,175,0
DMPX_BM1-N701-A-S502-A_S1_L001,176,0
DMPX_BM1-N701-A-S502-A_S1_L001,177,0
DMPX_BM1-N701-A-S502-A_S1_L001,178,0
DMPX_BM1-N701-A-S502-A_S1_L001,179,0
DMPX_BM1-N701-A-S502-A_S1_L001,180,0
DMPX_BM1-N701-A-S502-A_S1_L001,181,0
DMPX_BM1-N701-A-S502-A_S1_L001,182,0
DMPX_BM1-N701-A-S502-A_S1_L001,183,0
DMPX_BM1-N701-A-S502-A_S1_L001,184,0
DMPX_BM1-N701-A-S502-A_S1_L001,185,0
DMPX_BM1-N701-A-S502-A_S1_L001,186,0
DMPX_BM1-N701-A-S502-A_S1_L001,187,0
DMPX_BM1-N701-A-S502-A_S1_L001,188,0
DMPX_BM1-N701-A-S502-A_S1_L001,189,0
DMPX_BM1-N701-A-S502-A_S1_L001,190,1
DMPX_BM1-N701-A-S502-A_S1_L001,191,0
DMPX_BM1-N701-A-S502-A_S1_L001,192,0
DMPX_BM1-N701-A-S502-A_S1_L001,193,0
DMPX_BM1-N701-A-S502-A_S1_L001,194,0
DMPX_BM1-N701-A-S502-A_S1_L001,195,0
DMPX_BM1-N701-A-S502-A_S1_L001,196,0
DMPX_BM1-N701-A-S502-A_S1_L001,197,0
DMPX_BM1-N701-A-S502-A_S1_L001,198,0
DMPX_BM1-N701-A-S502-A_S1_L001,199,0
DMPX_BM1-N701-A-S502-A_S1_L001,200,1
DMPX_BM1-N701-A-S503-A_S13_L001,1,0
DMPX_BM1-N701-A-S503-A_S13_L001,2,0
DMPX_BM1-N701-A-S503-A_S13_L001,3,2
DMPX_BM1-N701-A-S503-A_S13_L001,4,1
DMPX_BM1-N701-A-S503-A_S13_L001,5,1
DMPX_BM1-N701-A-S503-A_S13_L001,6,2
DMPX_BM1-N701-A-S503-A_S13_L001,7,7
DMPX_BM1-N701-A-S503-A_S13_L001,8,6
DMPX_BM1-N701-A-S503-A_S13_L001,9,5
DMPX_BM1-N701-A-S503-A_S13_L001,10,13
DMPX_BM1-N701-A-S503-A_S13_L001,11,11
DMPX_BM1-N701-A-S503-A_S13_L001,12,9
DMPX_BM1-N701-A-S503-A_S13_L001,13,18
DMPX_BM1-N701-A-S503-A_S13_L001,14,36
DMPX_BM1-N701-A-S503-A_S13_L001,15,83
DMPX_BM1-N701-A-S503-A_S13_L001,16,172
DMPX_BM1-N701-A-S503-A_S13_L001,17,807
DMPX_BM1-N701-A-S503-A_S13_L001,18,4328
DMPX_BM1-N701-A-S503-A_S13_L001,19,18491
DMPX_BM1-N701-A-S503-A_S13_L001,20,308
DMPX_BM1-N701-A-S503-A_S13_L001,21,28
DMPX_BM1-N701-A-S503-A_S13_L001,22,24
DMPX_BM1-N701-A-S503-A_S13_L001,23,5
DMPX_BM1-N701-A-S503-A_S13_L001,24,10
DMPX_BM1-N701-A-S503-A_S13_L001,25,5
DMPX_BM1-N701-A-S503-A_S13_L001,26,5
DMPX_BM1-N701-A-S503-A_S13_L001,27,8
DMPX_BM1-N701-A-S503-A_S13_L001,28,11
DMPX_BM1-N701-A-S503-A_S13_L001,29,11
DMPX_BM1-N701-A-S503-A_S13_L001,30,11
DMPX_BM1-N701-A-S503-A_S13_L001,31,15
DMPX_BM1-N701-A-S503-A_S13_L001,32,22
DMPX_BM1-N701-A-S503-A_S13_L001,33,30
DMPX_BM1-N701-A-S503-A_S13_L001,34,21
DMPX_BM1-N701-A-S503-A_S13_L001,35,48
DMPX_BM1-N701-A-S503-A_S13_L001,36,52
DMPX_BM1-N701-A-S503-A_S13_L001,37,64
DMPX_BM1-N701-A-S503-A_S13_L001,38,105
DMPX_BM1-N701-A-S503-A_S13_L001,39,217
DMPX_BM1-N701-A-S503-A_S13_L001,40,452
DMPX_BM1-N701-A-S503-A_S13_L001,41,1015
DMPX_BM1-N701-A-S503-A_S13_L001,42,2255
DMPX_BM1-N701-A-S503-A_S13_L001,43,3046
DMPX_BM1-N701-A-S503-A_S13_L001,44,2282
DMPX_BM1-N701-A-S503-A_S13_L001,45,770
DMPX_BM1-N701-A-S503-A_S13_L001,46,359
DMPX_BM1-N701-A-S503-A_S13_L001,47,120
DMPX_BM1-N701-A-S503-A_S13_L001,48,24
DMPX_BM1-N701-A-S503-A_S13_L001,49,6
DMPX_BM1-N701-A-S503-A_S13_L001,50,7
DMPX_BM1-N701-A-S503-A_S13_L001,51,4
DMPX_BM1-N701-A-S503-A_S13_L001,52,3
DMPX_BM1-N701-A-S503-A_S13_L001,53,0
DMPX_BM1-N701-A-S503-A_S13_L001,54,0
DMPX_BM1-N701-A-S503-A_S13_L001,55,0
DMPX_BM1-N701-A-S503-A_S13_L001,56,1
DMPX_BM1-N701-A-S503-A_S13_L001,57,0
DMPX_BM1-N701-A-S503-A_S13_L001,58,0
DMPX_BM1-N701-A-S503-A_S13_L001,59,0
DMPX_BM1-N701-A-S503-A_S13_L001,60,0
DMPX_BM1-N701-A-S503-A_S13_L001,61,0
DMPX_BM1-N701-A-S503-A_S13_L001,62,0
DMPX_BM1-N701-A-S503-A_S13_L001,63,0
DMPX_BM1-N701-A-S503-A_S13_L001,64,0
DMPX_BM1-N701-A-S503-A_S13_L001,65,0
DMPX_BM1-N701-A-S503-A_S13_L001,66,0
DMPX_BM1-N701-A-S503-A_S13_L001,67,0
DMPX_BM1-N701-A-S503-A_S13_L001,68,1
DMPX_BM1-N701-A-S503-A_S13_L001,69,0
DMPX_BM1-N701-A-S503-A_S13_L001,70,0
DMPX_BM1-N701-A-S503-A_S13_L001,71,0
DMPX_BM1-N701-A-S503-A_S13_L001,72,0
DMPX_BM1-N701-A-S503-A_S13_L001,73,0
DMPX_BM1-N701-A-S503-A_S13_L001,74,0
DMPX_BM1-N701-A-S503-A_S13_L001,75,0
DMPX_BM1-N701-A-S503-A_S13_L001,76,1
DMPX_BM1-N701-A-S503-A_S13_L001,77,0
DMPX_BM1-N701-A-S503-A_S13_L001,78,0
DMPX_BM1-N701-A-S503-A_S13_L001,79,0
DMPX_BM1-N701-A-S503-A_S13_L001,80,0
DMPX_BM1-N701-A-S503-A_S13_L001,81,0
DMPX_BM1-N701-A-S503-A_S13_L001,82,0
DMPX_BM1-N701-A-S503-A_S13_L001,83,0
DMPX_BM1-N701-A-S503-A_S13_L001,84,1
DMPX_BM1-N701-A-S503-A_S13_L001,85,0
DMPX_BM1-N701-A-S503-A_S13_L001,86,0
DMPX_BM1-N701-A-S503-A_S13_L001,87,0
DMPX_BM1-N701-A-S503-A_S13_L001,88,0
DMPX_BM1-N701-A-S503-A_S13_L001,89,0
DMPX_BM1-N701-A-S503-A_S13_L001,90,0
DMPX_BM1-N701-A-S503-A_S13_L001,91,0
DMPX_BM1-N701-A-S503-A_S13_L001,92,0
DMPX_BM1-N701-A-S503-A_S13_L001,93,0
DMPX_BM1-N701-A-S503-A_S13_L001,94,0
DMPX_BM1-N701-A-S503-A_S13_L001,95,1
DMPX_BM1-N701-A-S503-A_S13_L001,96,0
DMPX_BM1-N701-A-S503-A_S13_L001,97,0
DMPX_BM1-N701-A-S503-A_S13_L001,98,0
DMPX_BM1-N701-A-S503-A_S13_L001,99,0
DMPX_BM1-N701-A-S503-A_S13_L001,100,0
DMPX_BM1-N701-A-S503-A_S13_L001,101,0
DMPX_BM1-N701-A-S503-A_S13_L001,102,0
DMPX_BM1-N701-A-S503-A_S13_L001,103,0
DMPX_BM1-N701-A-S503-A_S13_L001,104,0
DMPX_BM1-N701-A-S503-A_S13_L001,105,0
DMPX_BM1-N701-A-S503-A_S13_L001,106,1
DMPX_BM1-N701-A-S503-A_S13_L001,107,0
DMPX_BM1-N701-A-S503-A_S13_L001,108,1
DMPX_BM1-N701-A-S503-A_S13_L001,109,0
DMPX_BM1-N701-A-S503-A_S13_L001,110,0
DMPX_BM1-N701-A-S503-A_S13_L001,111,0
DMPX_BM1-N701-A-S503-A_S13_L001,112,0
DMPX_BM1-N701-A-S503-A_S13_L001,113,0
DMPX_BM1-N701-A-S503-A_S13_L001,114,0
DMPX_BM1-N701-A-S503-A_S13_L001,115,0
DMPX_BM1-N701-A-S503-A_S13_L001,116,0
DMPX_BM1-N701-A-S503-A_S13_L001,117,0
DMPX_BM1-N701-A-S503-A_S13_L001,118,0
DMPX_BM1-N701-A-S503-A_S13_L001,119,0
DMPX_BM1-N701-A-S503-A_S13_L001,120,0
DMPX_BM1-N701-A-S503-A_S13_L001,121,0
DMPX_BM1-N701-A-S503-A_S13_L001,122,0
DMPX_BM1-N701-A-S503-A_S13_L001,123,0
DMPX_BM1-N701-A-S503-A_S13_L001,124,0
DMPX_BM1-N701-A-S503-A_S13_L001,125,0
DMPX_BM1-N701-A-S503-A_S13_L001,126,0
DMPX_BM1-N701-A-S503-A_S13_L001,127,0
DMPX_BM1-N701-A-S503-A_S13_L001,128,0
DMPX_BM1-N701-A-S503-A_S13_L001,129,0
DMPX_BM1-N701-A-S503-A_S13_L001,130,0
DMPX_BM1-N701-A-S503-A_S13_L001,131,1
DMPX_BM1-N701-A-S503-A_S13_L001,132,0
DMPX_BM1-N701-A-S503-A_S13_L001,133,0
DMPX_BM1-N701-A-S503-A_S13_L001,134,0
DMPX_BM1-N701-A-S503-A_S13_L001,135,0
DMPX_BM1-N701-A-S503-A_S13_L001,136,0
DMPX_BM1-N701-A-S503-A_S13_L001,137,0
DMPX_BM1-N701-A-S503-A_S13_L001,138,0
DMPX_BM1-N701-A-S503-A_S13_L001,139,0
DMPX_BM1-N701-A-S503-A_S13_L001,140,0
DMPX_BM1-N701-A-S503-A_S13_L001,141,0
DMPX_BM1-N701-A-S503-A_S13_L001,142,0
DMPX_BM1-N701-A-S503-A_S13_L001,143,0
DMPX_BM1-N701-A-S503-A_S13_L001,144,0
DMPX_BM1-N701-A-S503-A_S13_L001,145,0
DMPX_BM1-N701-A-S503-A_S13_L001,146,1
DMPX_BM1-N701-A-S503-A_S13_L001,147,0
DMPX_BM1-N701-A-S503-A_S13_L001,148,1
DMPX_BM1-N701-A-S503-A_S13_L001,149,0
DMPX_BM1-N701-A-S503-A_S13_L001,150,0
DMPX_BM1-N701-A-S503-A_S13_L001,151,0
DMPX_BM1-N701-A-S503-A_S13_L001,152,0
DMPX_BM1-N701-A-S503-A_S13_L001,153,0
DMPX_BM1-N701-A-S503-A_S13_L001,154,0
DMPX_BM1-N701-A-S503-A_S13_L001,155,0
DMPX_BM1-N701-A-S503-A_S13_L001,156,0
DMPX_BM1-N701-A-S503-A_S13_L001,157,0
DMPX_BM1-N701-A-S503-A_S13_L001,158,1
DMPX_BM1-N701-A-S503-A_S13_L001,159,0
DMPX_BM1-N701-A-S503-A_S13_L001,160,0
DMPX_BM1-N701-A-S503-A_S13_L001,161,0
DMPX_BM1-N701-A-S503-A_S13_L001,162,0
DMPX_BM1-N701-A-S503-A_S13_L001,163,0
DMPX_BM1-N701-A-S503-A_S13_L001,164,0
DMPX_BM1-N701-A-S503-A_S13_L001,165,0
DMPX_BM1-N701-A-S503-A_S13_L001,166,2
DMPX_BM1-N701-A-S503-A_S13_L001,167,0
DMPX_BM1-N701-A-S503-A_S13_L001,168,0
DMPX_BM1-N701-A-S503-A_S13_L001,169,0
DMPX_BM1-N701-A-S503-A_S13_L001,170,0
DMPX_BM1-N701-A-S503-A_S13_L001,171,0
DMPX_BM1-N701-A-S503-A_S13_L001,172,0
DMPX_BM1-N701-A-S503-A_S13_L001,173,0
DMPX_BM1-N701-A-S503-A_S13_L001,174,0
DMPX_BM1-N701-A-S503-A_S13_L001,175,0
DMPX_BM1-N701-A-S503-A_S13_L001,176,0
DMPX_BM1-N701-A-S503-A_S13_L001,177,0
DMPX_BM1-N701-A-S503-A_S13_L001,178,0
DMPX_BM1-N701-A-S503-A_S13_L001,179,0
DMPX_BM1-N701-A-S503-A_S13_L001,180,0
DMPX_BM1-N701-A-S503-A_S13_L001,181,0
DMPX_BM1-N701-A-S503-A_S13_L001,182,0
DMPX_BM1-N701-A-S503-A_S13_L001,183,0
DMPX_BM1-N701-A-S503-A_S13_L001,184,0
DMPX_BM1-N701-A-S503-A_S13_L001,185,0
DMPX_BM1-N701-A-S503-A_S13_L001,186,1
DMPX_BM1-N701-A-S503-A_S13_L001,187,0
DMPX_BM1-N701-A-S503-A_S13_L001,188,0
DMPX_BM1-N701-A-S503-A_S13_L001,189,0
DMPX_BM1-N701-A-S503-A_S13_L001,190,0
DMPX_BM1-N701-A-S503-A_S13_L001,191,0
DMPX_BM1-N701-A-S503-A_S13_L001,192,0
DMPX_BM1-N701-A-S503-A_S13_L001,193,0
DMPX_BM1-N701-A-S503-A_S13_L001,194,0
DMPX_BM1-N701-A-S503-A_S13_L001,195,0
DMPX_BM1-N701-A-S503-A_S13_L001,196,0
DMPX_BM1-N701-A-S503-A_S13_L001,197,0
DMPX_BM1-N701-A-S503-A_S13_L001,198,0
DMPX_BM1-N701-A-S503-A_S13_L001,199,0
DMPX_BM1-N701-A-S503-A_S13_L001,200,0
DMPX_BM1-N701-A-S505-A_S25_L001,1,0
DMPX_BM1-N701-A-S505-A_S25_L001,2,0
DMPX_BM1-N701-A-S505-A_S25_L001,3,0
DMPX_BM1-N701-A-S505-A_S25_L001,4,1
DMPX_BM1-N701-A-S505-A_S25_L001,5,2
DMPX_BM1-N701-A-S505-A_S25_L001,6,3
DMPX_BM1-N701-A-S505-A_S25_L001,7,2
DMPX_BM1-N701-A-S505-A_S25_L001,8,3
DMPX_BM1-N701-A-S505-A_S25_L001,9,11
DMPX_BM1-N701-A-S505-A_S25_L001,10,3
DMPX_BM1-N701-A-S505-A_S25_L001,11,8
DMPX_BM1-N701-A-S505-A_S25_L001,12,6
DMPX_BM1-N701-A-S505-A_S25_L001,13,2
DMPX_BM1-N701-A-S505-A_S25_L001,14,8
DMPX_BM1-N701-A-S505-A_S25_L001,15,14
DMPX_BM1-N701-A-S505-A_S25_L001,16,31
DMPX_BM1-N701-A-S505-A_S25_L001,17,81
DMPX_BM1-N701-A-S505-A_S25_L001,18,28
DMPX_BM1-N701-A-S505-A_S25_L001,19,26
DMPX_BM1-N701-A-S505-A_S25_L001,20,15
DMPX_BM1-N701-A-S505-A_S25_L001,21,23
DMPX_BM1-N701-A-S505-A_S25_L001,22,17
DMPX_BM1-N701-A-S505-A_S25_L001,23,13
DMPX_BM1-N701-A-S505-A_S25_L001,24,24
DMPX_BM1-N701-A-S505-A_S25_L001,25,25
DMPX_BM1-N701-A-S505-A_S25_L001,26,28
DMPX_BM1-N701-A-S505-A_S25_L001,27,51
DMPX_BM1-N701-A-S505-A_S25_L001,28,67
DMPX_BM1-N701-A-S505-A_S25_L001,29,104
DMPX_BM1-N701-A-S505-A_S25_L001,30,205
DMPX_BM1-N701-A-S505-A_S25_L001,31,499
DMPX_BM1-N701-A-S505-A_S25_L001,32,1706
DMPX_BM1-N701-A-S505-A_S25_L001,33,4982
DMPX_BM1-N701-A-S505-A_S25_L001,34,10076
DMPX_BM1-N701-A-S505-A_S25_L001,35,870
DMPX_BM1-N701-A-S505-A_S25_L001,36,392
DMPX_BM1-N701-A-S505-A_S25_L001,37,193
DMPX_BM1-N701-A-S505-A_S25_L001,38,317
DMPX_BM1-N701-A-S505-A_S25_L001,39,872
DMPX_BM1-N701-A-S505-A_S25_L001,40,2372
DMPX_BM1-N701-A-S505-A_S25_L001,41,5469
DMPX_BM1-N701-A-S505-A_S25_L001,42,8641
DMPX_BM1-N701-A-S505-A_S25_L001,43,2180
DMPX_BM1-N701-A-S505-A_S25_L001,44,611
DMPX_BM1-N701-A-S505-A_S25_L001,45,309
DMPX_BM1-N701-A-S505-A_S25_L001,46,73
DMPX_BM1-N701-A-S505-A_S25_L001,47,11
DMPX_BM1-N701-A-S505-A_S25_L001,48,3
DMPX_BM1-N701-A-S505-A_S25_L001,49,2
DMPX_BM1-N701-A-S505-A_S25_L001,50,2
DMPX_BM1-N701-A-S505-A_S25_L001,51,1
DMPX_BM1-N701-A-S505-A_S25_L001,52,3
DMPX_BM1-N701-A-S505-A_S25_L001,53,2
DMPX_BM1-N701-A-S505-A_S25_L001,54,0
DMPX_BM1-N701-A-S505-A_S25_L001,55,1
DMPX_BM1-N701-A-S505-A_S25_L001,56,0
DMPX_BM1-N701-A-S505-A_S25_L001,57,1
DMPX_BM1-N701-A-S505-A_S25_L001,58,1
DMPX_BM1-N701-A-S505-A_S25_L001,59,0
DMPX_BM1-N701-A-S505-A_S25_L001,60,0
DMPX_BM1-N701-A-S505-A_S25_L001,61,0
DMPX_BM1-N701-A-S505-A_S25_L001,62,1
DMPX_BM1-N701-A-S505-A_S25_L001,63,0
DMPX_BM1-N701-A-S505-A_S25_L001,64,2
DMPX_BM1-N701-A-S505-A_S25_L001,65,0
DMPX_BM1-N701-A-S505-A_S25_L001,66,0
DMPX_BM1-N701-A-S505-A_S25_L001,67,0
DMPX_BM1-N701-A-S505-A_S25_L001,68,1
DMPX_BM1-N701-A-S505-A_S25_L001,69,0
DMPX_BM1-N701-A-S505-A_S25_L001,70,0
DMPX_BM1-N701-A-S505-A_S25_L001,71,0
DMPX_BM1-N701-A-S505-A_S25_L001,72,0
DMPX_BM1-N701-A-S505-A_S25_L001,73,0
DMPX_BM1-N701-A-S505-A_S25_L001,74,1
DMPX_BM1-N701-A-S505-A_S25_L001,75,0
DMPX_BM1-N701-A-S505-A_S25_L001,76,0
DMPX_BM1-N701-A-S505-A_S25_L001,77,0
DMPX_BM1-N701-A-S505-A_S25_L001,78,0
DMPX_BM1-N701-A-S505-A_S25_L001,79,0
DMPX_BM1-N701-A-S505-A_S25_L001,80,0
DMPX_BM1-N701-A-S505-A_S25_L001,81,0
DMPX_BM1-N701-A-S505-A_S25_L001,82,0
DMPX_BM1-N701-A-S505-A_S25_L001,83,0
DMPX_BM1-N701-A-S505-A_S25_L001,84,0
DMPX_BM1-N701-A-S505-A_S25_L001,85,0
DMPX_BM1-N701-A-S505-A_S25_L001,86,0
DMPX_BM1-N701-A-S505-A_S25_L001,87,0
DMPX_BM1-N701-A-S505-A_S25_L001,88,0
DMPX_BM1-N701-A-S505-A_S25_L001,89,0
DMPX_BM1-N701-A-S505-A_S25_L001,90,1
DMPX_BM1-N701-A-S505-A_S25_L001,91,0
DMPX_BM1-N701-A-S505-A_S25_L001,92,0
DMPX_BM1-N701-A-S505-A_S25_L001,93,0
DMPX_BM1-N701-A-S505-A_S25_L001,94,0
DMPX_BM1-N701-A-S505-A_S25_L001,95,0
DMPX_BM1-N701-A-S505-A_S25_L001,96,0
DMPX_BM1-N701-A-S505-A_S25_L001,97,0
DMPX_BM1-N701-A-S505-A_S25_L001,98,0
DMPX_BM1-N701-A-S505-A_S25_L001,99,0
DMPX_BM1-N701-A-S505-A_S25_L001,100,0
DMPX_BM1-N701-A-S505-A_S25_L001,101,0
DMPX_BM1-N701-A-S505-A_S25_L001,102,0
DMPX_BM1-N701-A-S505-A_S25_L001,103,0
DMPX_BM1-N701-A-S505-A_S25_L001,104,0
DMPX_BM1-N701-A-S505-A_S25_L001,105,0
DMPX_BM1-N701-A-S505-A_S25_L001,106,0
DMPX_BM1-N701-A-S505-A_S25_L001,107,0
DMPX_BM1-N701-A-S505-A_S25_L001,108,0
DMPX_BM1-N701-A-S505-A_S25_L001,109,0
DMPX_BM1-N701-A-S505-A_S25_L001,110,0
DMPX_BM1-N701-A-S505-A_S25_L001,111,0
DMPX_BM1-N701-A-S505-A_S25_L001,112,0
DMPX_BM1-N701-A-S505-A_S25_L001,113,0
DMPX_BM1-N701-A-S505-A_S25_L001,114,0
DMPX_BM1-N701-A-S505-A_S25_L001,115,0
DMPX_BM1-N701-A-S505-A_S25_L001,116,1
DMPX_BM1-N701-A-S505-A_S25_L001,117,0
DMPX_BM1-N701-A-S505-A_S25_L001,118,0
DMPX_BM1-N701-A-S505-A_S25_L001,119,0
DMPX_BM1-N701-A-S505-A_S25_L001,120,0
DMPX_BM1-N701-A-S505-A_S25_L001,121,0
DMPX_BM1-N701-A-S505-A_S25_L001,122,1
DMPX_BM1-N701-A-S505-A_S25_L001,123,0
DMPX_BM1-N701-A-S505-A_S25_L001,124,0
DMPX_BM1-N701-A-S505-A_S25_L001,125,0
DMPX_BM1-N701-A-S505-A_S25_L001,126,0
DMPX_BM1-N701-A-S505-A_S25_L001,127,0
DMPX_BM1-N701-A-S505-A_S25_L001,128,0
DMPX_BM1-N701-A-S505-A_S25_L001,129,0
DMPX_BM1-N701-A-S505-A_S25_L001,130,0
DMPX_BM1-N701-A-S505-A_S25_L001,131,0
DMPX_BM1-N701-A-S505-A_S25_L001,132,0
DMPX_BM1-N701-A-S505-A_S25_L001,133,0
DMPX_BM1-N701-A-S505-A_S25_L001,134,1
DMPX_BM1-N701-A-S505-A_S25_L001,135,0
DMPX_BM1-N701-A-S505-A_S25_L001,136,0
DMPX_BM1-N701-A-S505-A_S25_L001,137,0
DMPX_BM1-N701-A-S505-A_S25_L001,138,0
DMPX_BM1-N701-A-S505-A_S25_L001,139,0
DMPX_BM1-N701-A-S505-A_S25_L001,140,0
DMPX_BM1-N701-A-S505-A_S25_L001,141,0
DMPX_BM1-N701-A-S505-A_S25_L001,142,0
DMPX_BM1-N701-A-S505-A_S25_L001,143,0
DMPX_BM1-N701-A-S505-A_S25_L001,144,0
DMPX_BM1-N701-A-S505-A_S25_L001,145,0
DMPX_BM1-N701-A-S505-A_S25_L001,146,0
DMPX_BM1-N701-A-S505-A_S25_L001,147,0
DMPX_BM1-N701-A-S505-A_S25_L001,148,0
DMPX_BM1-N701-A-S505-A_S25_L001,149,0
DMPX_BM1-N701-A-S505-A_S25_L001,150,0
DMPX_BM1-N701-A-S505-A_S25_L001,151,0
DMPX_BM1-N701-A-S505-A_S25_L001,152,0
DMPX_BM1-N701-A-S505-A_S25_L001,153,0
DMPX_BM1-N701-A-S505-A_S25_L001,154,0
DMPX_BM1-N701-A-S505-A_S25_L001,155,0
DMPX_BM1-N701-A-S505-A_S25_L001,156,0
DMPX_BM1-N701-A-S505-A_S25_L001,157,0
DMPX_BM1-N701-A-S505-A_S25_L001,158,0
DMPX_BM1-N701-A-S505-A_S25_L001,159,0
DMPX_BM1-N701-A-S505-A_S25_L001,160,0
DMPX_BM1-N701-A-S505-A_S25_L001,161,0
DMPX_BM1-N701-A-S505-A_S25_L001,162,0
DMPX_BM1-N701-A-S505-A_S25_L001,163,0
DMPX_BM1-N701-A-S505-A_S25_L001,164,0
DMPX_BM1-N701-A-S505-A_S25_L001,165,0
DMPX_BM1-N701-A-S505-A_S25_L001,166,0
DMPX_BM1-N701-A-S505-A_S25_L001,167,0
DMPX_BM1-N701-A-S505-A_S25_L001,168,0
DMPX_BM1-N701-A-S505-A_S25_L001,169,0
DMPX_BM1-N701-A-S505-A_S25_L001,170,1
DMPX_BM1-N701-A-S505-A_S25_L001,171,0
DMPX_BM1-N701-A-S505-A_S25_L001,172,0
DMPX_BM1-N701-A-S505-A_S25_L001,173,0
DMPX_BM1-N701-A-S505-A_S25_L001,174,0
DMPX_BM1-N701-A-S505-A_S25_L001,175,1
DMPX_BM1-N701-A-S505-A_S25_L001,176,0
DMPX_BM1-N701-A-S505-A_S25_L001,177,0
DMPX_BM1-N701-A-S505-A_S25_L001,178,1
DMPX_BM1-N701-A-S505-A_S25_L001,179,0
DMPX_BM1-N701-A-S505-A_S25_L001,180,0
DMPX_BM1-N701-A-S505-A_S25_L001,181,0
DMPX_BM1-N701-A-S505-A_S25_L001,182,0
DMPX_BM1-N701-A-S505-A_S25_L001,183,0
DMPX_BM1-N701-A-S505-A_S25_L001,184,0
DMPX_BM1-N701-A-S505-A_S25_L001,185,0
DMPX_BM1-N701-A-S505-A_S25_L001,186,1
DMPX_BM1-N701-A-S505-A_S25_L001,187,0
DMPX_BM1-N701-A-S505-A_S25_L001,188,0
DMPX_BM1-N701-A-S505-A_S25_L001,189,0
DMPX_BM1-N701-A-S505-A_S25_L001,190,0
DMPX_BM1-N701-A-S505-A_S25_L001,191,0
DMPX_BM1-N701-A-S505-A_S25_L001,192,0
DMPX_BM1-N701-A-S505-A_S25_L001,193,0
DMPX_BM1-N701-A-S505-A_S25_L001,194,0
DMPX_BM1-N701-A-S505-A_S25_L001,195,0
DMPX_BM1-N701-A-S505-A_S25_L001,196,0
DMPX_BM1-N701-A-S505-A_S25_L001,197,0
DMPX_BM1-N701-A-S505-A_S25_L001,198,0
DMPX_BM1-N701-A-S505-A_S25_L001,199,0
DMPX_BM1-N701-A-S505-A_S25_L001,200,2
DMPX_BM1-N701-A-S506-A_S37_L001,1,0
DMPX_BM1-N701-A-S506-A_S37_L001,2,0
DMPX_BM1-N701-A-S506-A_S37_L001,3,1
DMPX_BM1-N701-A-S506-A_S37_L001,4,0
DMPX_BM1-N701-A-S506-A_S37_L001,5,1
DMPX_BM1-N701-A-S506-A_S37_L001,6,2
DMPX_BM1-N701-A-S506-A_S37_L001,7,2
DMPX_BM1-N701-A-S506-A_S37_L001,8,4
DMPX_BM1-N701-A-S506-A_S37_L001,9,6
DMPX_BM1-N701-A-S506-A_S37_L001,10,4
DMPX_BM1-N701-A-S506-A_S37_L001,11,3
DMPX_BM1-N701-A-S506-A_S37_L001,12,7
DMPX_BM1-N701-A-S506-A_S37_L001,13,10
DMPX_BM1-N701-A-S506-A_S37_L001,14,17
DMPX_BM1-N701-A-S506-A_S37_L001,15,27
DMPX_BM1-N701-A-S506-A_S37_L001,16,44
DMPX_BM1-N701-A-S506-A_S37_L001,17,114
DMPX_BM1-N701-A-S506-A_S37_L001,18,532
DMPX_BM1-N701-A-S506-A_S37_L001,19,2792
DMPX_BM1-N701-A-S506-A_S37_L001,20,10942
DMPX_BM1-N701-A-S506-A_S37_L001,21,190
DMPX_BM1-N701-A-S506-A_S37_L001,22,25
DMPX_BM1-N701-A-S506-A_S37_L001,23,11
DMPX_BM1-N701-A-S506-A_S37_L001,24,9
DMPX_BM1-N701-A-S506-A_S37_L001,25,7
DMPX_BM1-N701-A-S506-A_S37_L001,26,7
DMPX_BM1-N701-A-S506-A_S37_L001,27,14
DMPX_BM1-N701-A-S506-A_S37_L001,28,10
DMPX_BM1-N701-A-S506-A_S37_L001,29,12
DMPX_BM1-N701-A-S506-A_S37_L001,30,14
DMPX_BM1-N701-A-S506-A_S37_L001,31,10
DMPX_BM1-N701-A-S506-A_S37_L001,32,23
DMPX_BM1-N701-A-S506-A_S37_L001,33,12
DMPX_BM1-N701-A-S506-A_S37_L001,34,20
DMPX_BM1-N701-A-S506-A_S37_L001,35,26
DMPX_BM1-N701-A-S506-A_S37_L001,36,37
DMPX_BM1-N701-A-S506-A_S37_L001,37,36
DMPX_BM1-N701-A-S506-A_S37_L001,38,52
DMPX_BM1-N701-A-S506-A_S37_L001,39,65
DMPX_BM1-N701-A-S506-A_S37_L001,40,115
DMPX_BM1-N701-A-S506-A_S37_L001,41,171
DMPX_BM1-N701-A-S506-A_S37_L001,42,404
DMPX_BM1-N701-A-S506-A_S37_L001,43,1018
DMPX_BM1-N701-A-S506-A_S37_L001,44,2539
DMPX_BM1-N701-A-S506-A_S37_L001,45,5150
DMPX_BM1-N701-A-S506-A_S37_L001,46,7634
DMPX_BM1-N701-A-S506-A_S37_L001,47,3525
DMPX_BM1-N701-A-S506-A_S37_L001,48,1085
DMPX_BM1-N701-A-S506-A_S37_L001,49,414
DMPX_BM1-N701-A-S506-A_S37_L001,50,152
DMPX_BM1-N701-A-S506-A_S37_L001,51,57
DMPX_BM1-N701-A-S506-A_S37_L001,52,16
DMPX_BM1-N701-A-S506-A_S37_L001,53,1
DMPX_BM1-N701-A-S506-A_S37_L001,54,1
DMPX_BM1-N701-A-S506-A_S37_L001,55,1
DMPX_BM1-N701-A-S506-A_S37_L001,56,1
DMPX_BM1-N701-A-S506-A_S37_L001,57,0
DMPX_BM1-N701-A-S506-A_S37_L001,58,2
DMPX_BM1-N701-A-S506-A_S37_L001,59,3
DMPX_BM1-N701-A-S506-A_S37_L001,60,1
DMPX_BM1-N701-A-S506-A_S37_L001,61,0
DMPX_BM1-N701-A-S506-A_S37_L001,62,0
DMPX_BM1-N701-A-S506-A_S37_L001,63,0
DMPX_BM1-N701-A-S506-A_S37_L001,64,0
DMPX_BM1-N701-A-S506-A_S37_L001,65,0
DMPX_BM1-N701-A-S506-A_S37_L001,66,0
DMPX_BM1-N701-A-S506-A_S37_L001,67,0
DMPX_BM1-N701-A-S506-A_S37_L001,68,0
DMPX_BM1-N701-A-S506-A_S37_L001,69,0
DMPX_BM1-N701-A-S506-A_S37_L001,70,1
DMPX_BM1-N701-A-S506-A_S37_L001,71,0
DMPX_BM1-N701-A-S506-A_S37_L001,72,1
DMPX_BM1-N701-A-S506-A_S37_L001,73,0
DMPX_BM1-N701-A-S506-A_S37_L001,74,0
DMPX_BM1-N701-A-S506-A_S37_L001,75,0
DMPX_BM1-N701-A-S506-A_S37_L001,76,0
DMPX_BM1-N701-A-S506-A_S37_L001,77,0
DMPX_BM1-N701-A-S506-A_S37_L001,78,0
DMPX_BM1-N701-A-S506-A_S37_L001,79,0
DMPX_BM1-N701-A-S506-A_S37_L001,80,0
DMPX_BM1-N701-A-S506-A_S37_L001,81,0
DMPX_BM1-N701-A-S506-A_S37_L001,82,0
DMPX_BM1-N701-A-S506-A_S37_L001,83,0
DMPX_BM1-N701-A-S506-A_S37_L001,84,0
DMPX_BM1-N701-A-S506-A_S37_L001,85,0
DMPX_BM1-N701-A-S506-A_S37_L001,86,0
DMPX_BM1-N701-A-S506-A_S37_L001,87,0
DMPX_BM1-N701-A-S506-A_S37_L001,88,0
DMPX_BM1-N701-A-S506-A_S37_L001,89,0
DMPX_BM1-N701-A-S506-A_S37_L001,90,0
DMPX_BM1-N701-A-S506-A_S37_L001,91,0
DMPX_BM1-N701-A-S506-A_S37_L001,92,0
DMPX_BM1-N701-A-S506-A_S37_L001,93,0
DMPX_BM1-N701-A-S506-A_S37_L001,94,0
DMPX_BM1-N701-A-S506-A_S37_L001,95,0
DMPX_BM1-N701-A-S506-A_S37_L001,96,0
DMPX_BM1-N701-A-S506-A_S37_L001,97,0
DMPX_BM1-N701-A-S506-A_S37_L001,98,0
DMPX_BM1-N701-A-S506-A_S37_L001,99,0
DMPX_BM1-N701-A-S506-A_S37_L001,100,0
DMPX_BM1-N701-A-S506-A_S37_L001,101,0
DMPX_BM1-N701-A-S506-A_S37_L001,102,1
DMPX_BM1-N701-A-S506-A_S37_L001,103,0
DMPX_BM1-N701-A-S506-A_S37_L001,104,0
DMPX_BM1-N701-A-S506-A_S37_L001,105,0
DMPX_BM1-N701-A-S506-A_S37_L001,106,0
DMPX_BM1-N701-A-S506-A_S37_L001,107,0
DMPX_BM1-N701-A-S506-A_S37_L001,108,1
DMPX_BM1-N701-A-S506-A_S37_L001,109,0
DMPX_BM1-N701-A-S506-A_S37_L001,110,0
DMPX_BM1-N701-A-S506-A_S37_L001,111,0
DMPX_BM1-N701-A-S506-A_S37_L001,112,0
DMPX_BM1-N701-A-S506-A_S37_L001,113,0
DMPX_BM1-N701-A-S506-A_S37_L001,114,0
DMPX_BM1-N701-A-S506-A_S37_L001,115,0
DMPX_BM1-N701-A-S506-A_S37_L001,116,2
DMPX_BM1-N701-A-S506-A_S37_L001,117,0
DMPX_BM1-N701-A-S506-A_S37_L001,118,0
DMPX_BM1-N701-A-S506-A_S37_L001,119,0
DMPX_BM1-N701-A-S506-A_S37_L001,120,0
DMPX_BM1-N701-A-S506-A_S37_L001,121,0
DMPX_BM1-N701-A-S506-A_S37_L001,122,0
DMPX_BM1-N701-A-S506-A_S37_L001,123,0
DMPX_BM1-N701-A-S506-A_S37_L001,124,0
DMPX_BM1-N701-A-S506-A_S37_L001,125,0
DMPX_BM1-N701-A-S506-A_S37_L001,126,0
DMPX_BM1-N701-A-S506-A_S37_L001,127,0
DMPX_BM1-N701-A-S506-A_S37_L001,128,0
DMPX_BM1-N701-A-S506-A_S37_L001,129,0
DMPX_BM1-N701-A-S506-A_S37_L001,130,0
DMPX_BM1-N701-A-S506-A_S37_L001,131,0
DMPX_BM1-N701-A-S506-A_S37_L001,132,0
DMPX_BM1-N701-A-S506-A_S37_L001,133,0
DMPX_BM1-N701-A-S506-A_S37_L001,134,1
DMPX_BM1-N701-A-S506-A_S37_L001,135,0
DMPX_BM1-N701-A-S506-A_S37_L001,136,0
DMPX_BM1-N701-A-S506-A_S37_L001,137,0
DMPX_BM1-N701-A-S506-A_S37_L001,138,0
DMPX_BM1-N701-A-S506-A_S37_L001,139,0
DMPX_BM1-N701-A-S506-A_S37_L001,140,0
DMPX_BM1-N701-A-S506-A_S37_L001,141,0
DMPX_BM1-N701-A-S506-A_S37_L001,142,0
DMPX_BM1-N701-A-S506-A_S37_L001,143,0
DMPX_BM1-N701-A-S506-A_S37_L001,144,0
DMPX_BM1-N701-A-S506-A_S37_L001,145,0
DMPX_BM1-N701-A-S506-A_S37_L001,146,0
DMPX_BM1-N701-A-S506-A_S37_L001,147,0
DMPX_BM1-N701-A-S506-A_S37_L001,148,0
DMPX_BM1-N701-A-S506-A_S37_L001,149,0
DMPX_BM1-N701-A-S506-A_S37_L001,150,0
DMPX_BM1-N701-A-S506-A_S37_L001,151,0
DMPX_BM1-N701-A-S506-A_S37_L001,152,0
DMPX_BM1-N701-A-S506-A_S37_L001,153,0
DMPX_BM1-N701-A-S506-A_S37_L001,154,0
DMPX_BM1-N701-A-S506-A_S37_L001,155,0
DMPX_BM1-N701-A-S506-A_S37_L001,156,0
DMPX_BM1-N701-A-S506-A_S37_L001,157,0
DMPX_BM1-N701-A-S506-A_S37_L001,158,0
DMPX_BM1-N701-A-S506-A_S37_L001,159,0
DMPX_BM1-N701-A-S506-A_S37_L001,160,0
DMPX_BM1-N701-A-S506-A_S37_L001,161,0
DMPX_BM1-N701-A-S506-A_S37_L001,162,0
DMPX_BM1-N701-A-S506-A_S37_L001,163,0
DMPX_BM1-N701-A-S506-A_S37_L001,164,0
DMPX_BM1-N701-A-S506-A_S37_L001,165,0
DMPX_BM1-N701-A-S506-A_S37_L001,166,0
DMPX_BM1-N701-A-S506-A_S37_L001,167,0
DMPX_BM1-N701-A-S506-A_S37_L001,168,0
DMPX_BM1-N701-A-S506-A_S37_L001,169,0
DMPX_BM1-N701-A-S506-A_S37_L001,170,0
DMPX_BM1-N701-A-S506-A_S37_L001,171,0
DMPX_BM1-N701-A-S506-A_S37_L001,172,2
DMPX_BM1-N701-A-S506-A_S37_L001,173,0
DMPX_BM1-N701-A-S506-A_S37_L001,174,0
DMPX_BM1-N701-A-S506-A_S37_L001,175,0
DMPX_BM1-N701-A-S506-A_S37_L001,176,0
DMPX_BM1-N701-A-S506-A_S37_L001,177,0
DMPX_BM1-N701-A-S506-A_S37_L001,178,0
DMPX_BM1-N701-A-S506-A_S37_L001,179,0
DMPX_BM1-N701-A-S506-A_S37_L001,180,0
DMPX_BM1-N701-A-S506-A_S37_L001,181,0
DMPX_BM1-N701-A-S506-A_S37_L001,182,0
DMPX_BM1-N701-A-S506-A_S37_L001,183,0
DMPX_BM1-N701-A-S506-A_S37_L001,184,0
DMPX_BM1-N701-A-S506-A_S37_L001,185,0
DMPX_BM1-N701-A-S506-A_S37_L001,186,0
DMPX_BM1-N701-A-S506-A_S37_L001,187,0
DMPX_BM1-N701-A-S506-A_S37_L001,188,0
DMPX_BM1-N701-A-S506-A_S37_L001,189,0
DMPX_BM1-N701-A-S506-A_S37_L001,190,0
DMPX_BM1-N701-A-S506-A_S37_L001,191,0
DMPX_BM1-N701-A-S506-A_S37_L001,192,0
DMPX_BM1-N701-A-S506-A_S37_L001,193,0
DMPX_BM1-N701-A-S506-A_S37_L001,194,0
DMPX_BM1-N701-A-S506-A_S37_L001,195,0
DMPX_BM1-N701-A-S506-A_S37_L001,196,0
DMPX_BM1-N701-A-S506-A_S37_L001,197,0
DMPX_BM1-N701-A-S506-A_S37_L001,198,0
DMPX_BM1-N701-A-S506-A_S37_L001,199,0
DMPX_BM1-N701-A-S506-A_S37_L001,200,0
DMPX_BM1-N701-A-S507-A_S49_L001,1,0
DMPX_BM1-N701-A-S507-A_S49_L001,2,0
DMPX_BM1-N701-A-S507-A_S49_L001,3,0
DMPX_BM1-N701-A-S507-A_S49_L001,4,3
DMPX_BM1-N701-A-S507-A_S49_L001,5,4
DMPX_BM1-N701-A-S507-A_S49_L001,6,4
DMPX_BM1-N701-A-S507-A_S49_L001,7,7
DMPX_BM1-N701-A-S507-A_S49_L001,8,5
DMPX_BM1-N701-A-S507-A_S49_L001,9,3
DMPX_BM1-N701-A-S507-A_S49_L001,10,17
DMPX_BM1-N701-A-S507-A_S49_L001,11,17
DMPX_BM1-N701-A-S507-A_S49_L001,12,24
DMPX_BM1-N701-A-S507-A_S49_L001,13,37
DMPX_BM1-N701-A-S507-A_S49_L001,14,113
DMPX_BM1-N701-A-S507-A_S49_L001,15,683
DMPX_BM1-N701-A-S507-A_S49_L001,16,4442
DMPX_BM1-N701-A-S507-A_S49_L001,17,21894
DMPX_BM1-N701-A-S507-A_S49_L001,18,302
DMPX_BM1-N701-A-S507-A_S49_L001,19,51
DMPX_BM1-N701-A-S507-A_S49_L001,20,45
DMPX_BM1-N701-A-S507-A_S49_L001,21,24
DMPX_BM1-N701-A-S507-A_S49_L001,22,20
DMPX_BM1-N701-A-S507-A_S49_L001,23,27
DMPX_BM1-N701-A-S507-A_S49_L001,24,26
DMPX_BM1-N701-A-S507-A_S49_L001,25,31
DMPX_BM1-N701-A-S507-A_S49_L001,26,19
DMPX_BM1-N701-A-S507-A_S49_L001,27,22
DMPX_BM1-N701-A-S507-A_S49_L001,28,20
DMPX_BM1-N701-A-S507-A_S49_L001,29,32
DMPX_BM1-N701-A-S507-A_S49_L001,30,23
DMPX_BM1-N701-A-S507-A_S49_L001,31,35
DMPX_BM1-N701-A-S507-A_S49_L001,32,50
DMPX_BM1-N701-A-S507-A_S49_L001,33,66
DMPX_BM1-N701-A-S507-A_S49_L001,34,76
DMPX_BM1-N701-A-S507-A_S49_L001,35,89
DMPX_BM1-N701-A-S507-A_S49_L001,36,109
DMPX_BM1-N701-A-S507-A_S49_L001,37,138
DMPX_BM1-N701-A-S507-A_S49_L001,38,290
DMPX_BM1-N701-A-S507-A_S49_L001,39,592
DMPX_BM1-N701-A-S507-A_S49_L001,40,1514
DMPX_BM1-N701-A-S507-A_S49_L001,41,3954
DMPX_BM1-N701-A-S507-A_S49_L001,42,9366
DMPX_BM1-N701-A-S507-A_S49_L001,43,14855
DMPX_BM1-N701-A-S507-A_S49_L001,44,4381
DMPX_BM1-N701-A-S507-A_S49_L001,45,1120
DMPX_BM1-N701-A-S507-A_S49_L001,46,564
DMPX_BM1-N701-A-S507-A_S49_L001,47,204
DMPX_BM1-N701-A-S507-A_S49_L001,48,42
DMPX_BM1-N701-A-S507-A_S49_L001,49,6
DMPX_BM1-N701-A-S507-A_S49_L001,50,6
DMPX_BM1-N701-A-S507-A_S49_L001,51,2
DMPX_BM1-N701-A-S507-A_S49_L001,52,2
DMPX_BM1-N701-A-S507-A_S49_L001,53,5
DMPX_BM1-N701-A-S507-A_S49_L001,54,2
DMPX_BM1-N701-A-S507-A_S49_L001,55,1
DMPX_BM1-N701-A-S507-A_S49_L001,56,1
DMPX_BM1-N701-A-S507-A_S49_L001,57,1
DMPX_BM1-N701-A-S507-A_S49_L001,58,2
DMPX_BM1-N701-A-S507-A_S49_L001,59,1
DMPX_BM1-N701-A-S507-A_S49_L001,60,2
DMPX_BM1-N701-A-S507-A_S49_L001,61,2
DMPX_BM1-N701-A-S507-A_S49_L001,62,1
DMPX_BM1-N701-A-S507-A_S49_L001,63,2
DMPX_BM1-N701-A-S507-A_S49_L001,64,0
DMPX_BM1-N701-A-S507-A_S49_L001,65,0
DMPX_BM1-N701-A-S507-A_S49_L001,66,0
DMPX_BM1-N701-A-S507-A_S49_L001,67,0
DMPX_BM1-N701-A-S507-A_S49_L001,68,1
DMPX_BM1-N701-A-S507-A_S49_L001,69,1
DMPX_BM1-N701-A-S507-A_S49_L001,70,0
DMPX_BM1-N701-A-S507-A_S49_L001,71,1
DMPX_BM1-N701-A-S507-A_S49_L001,72,0
DMPX_BM1-N701-A-S507-A_S49_L001,73,0
DMPX_BM1-N701-A-S507-A_S49_L001,74,1
DMPX_BM1-N701-A-S507-A_S49_L001,75,1
DMPX_BM1-N701-A-S507-A_S49_L001,76,0
DMPX_BM1-N701-A-S507-A_S49_L001,77,0
DMPX_BM1-N701-A-S507-A_S49_L001,78,0
DMPX_BM1-N701-A-S507-A_S49_L001,79,0
DMPX_BM1-N701-A-S507-A_S49_L001,80,1
DMPX_BM1-N701-A-S507-A_S49_L001,81,0
DMPX_BM1-N701-A-S507-A_S49_L001,82,0
DMPX_BM1-N701-A-S507-A_S49_L001,83,0
DMPX_BM1-N701-A-S507-A_S49_L001,84,0
DMPX_BM1-N701-A-S507-A_S49_L001,85,0
DMPX_BM1-N701-A-S507-A_S49_L001,86,0
DMPX_BM1-N701-A-S507-A_S49_L001,87,0
DMPX_BM1-N701-A-S507-A_S49_L001,88,0
DMPX_BM1-N701-A-S507-A_S49_L001,89,0
DMPX_BM1-N701-A-S507-A_S49_L001,90,1
DMPX_BM1-N701-A-S507-A_S49_L001,91,0
DMPX_BM1-N701-A-S507-A_S49_L001,92,0
DMPX_BM1-N701-A-S507-A_S49_L001,93,0
DMPX_BM1-N701-A-S507-A_S49_L001,94,0
DMPX_BM1-N701-A-S507-A_S49_L001,95,0
DMPX_BM1-N701-A-S507-A_S49_L001,96,0
DMPX_BM1-N701-A-S507-A_S49_L001,97,0
DMPX_BM1-N701-A-S507-A_S49_L001,98,1
DMPX_BM1-N701-A-S507-A_S49_L001,99,0
DMPX_BM1-N701-A-S507-A_S49_L001,100,0
DMPX_BM1-N701-A-S507-A_S49_L001,101,0
DMPX_BM1-N701-A-S507-A_S49_L001,102,0
DMPX_BM1-N701-A-S507-A_S49_L001,103,1
DMPX_BM1-N701-A-S507-A_S49_L001,104,0
DMPX_BM1-N701-A-S507-A_S49_L001,105,0
DMPX_BM1-N701-A-S507-A_S49_L001,106,0
DMPX_BM1-N701-A-S507-A_S49_L001,107,0
DMPX_BM1-N701-A-S507-A_S49_L001,108,1
DMPX_BM1-N701-A-S507-A_S49_L001,109,0
DMPX_BM1-N701-A-S507-A_S49_L001,110,0
DMPX_BM1-N701-A-S507-A_S49_L001,111,0
DMPX_BM1-N701-A-S507-A_S49_L001,112,0
DMPX_BM1-N701-A-S507-A_S49_L001,113,0
DMPX_BM1-N701-A-S507-A_S49_L001,114,1
DMPX_BM1-N701-A-S507-A_S49_L001,115,0
DMPX_BM1-N701-A-S507-A_S49_L001,116,3
DMPX_BM1-N701-A-S507-A_S49_L001,117,0
DMPX_BM1-N701-A-S507-A_S49_L001,118,0
DMPX_BM1-N701-A-S507-A_S49_L001,119,0
DMPX_BM1-N701-A-S507-A_S49_L001,120,0
DMPX_BM1-N701-A-S507-A_S49_L001,121,1
DMPX_BM1-N701-A-S507-A_S49_L001,122,1
DMPX_BM1-N701-A-S507-A_S49_L001,123,0
DMPX_BM1-N701-A-S507-A_S49_L001,124,0
DMPX_BM1-N701-A-S507-A_S49_L001,125,0
DMPX_BM1-N701-A-S507-A_S49_L001,126,0
DMPX_BM1-N701-A-S507-A_S49_L001,127,0
DMPX_BM1-N701-A-S507-A_S49_L001,128,0
DMPX_BM1-N701-A-S507-A_S49_L001,129,0
DMPX_BM1-N701-A-S507-A_S49_L001,130,0
DMPX_BM1-N701-A-S507-A_S49_L001,131,0
DMPX_BM1-N701-A-S507-A_S49_L001,132,0
DMPX_BM1-N701-A-S507-A_S49_L001,133,0
DMPX_BM1-N701-A-S507-A_S49_L001,134,0
DMPX_BM1-N701-A-S507-A_S49_L001,135,0
DMPX_BM1-N701-A-S507-A_S49_L001,136,0
DMPX_BM1-N701-A-S507-A_S49_L001,137,0
DMPX_BM1-N701-A-S507-A_S49_L001,138,0
DMPX_BM1-N701-A-S507-A_S49_L001,139,0
DMPX_BM1-N701-A-S507-A_S49_L001,140,0
DMPX_BM1-N701-A-S507-A_S49_L001,141,0
DMPX_BM1-N701-A-S507-A_S49_L001,142,1
DMPX_BM1-N701-A-S507-A_S49_L001,143,0
DMPX_BM1-N701-A-S507-A_S49_L001,144,0
DMPX_BM1-N701-A-S507-A_S49_L001,145,0
DMPX_BM1-N701-A-S507-A_S49_L001,146,0
DMPX_BM1-N701-A-S507-A_S49_L001,147,0
DMPX_BM1-N701-A-S507-A_S49_L001,148,0
DMPX_BM1-N701-A-S507-A_S49_L001,149,0
DMPX_BM1-N701-A-S507-A_S49_L001,150,0
DMPX_BM1-N701-A-S507-A_S49_L001,151,0
DMPX_BM1-N701-A-S507-A_S49_L001,152,0
DMPX_BM1-N701-A-S507-A_S49_L001,153,0
DMPX_BM1-N701-A-S507-A_S49_L001,154,0
DMPX_BM1-N701-A-S507-A_S49_L001,155,0
DMPX_BM1-N701-A-S507-A_S49_L001,156,0
DMPX_BM1-N701-A-S507-A_S49_L001,157,0
DMPX_BM1-N701-A-S507-A_S49_L001,158,1
DMPX_BM1-N701-A-S507-A_S49_L001,159,0
DMPX_BM1-N701-A-S507-A_S49_L001,160,0
DMPX_BM1-N701-A-S507-A_S49_L001,161,0
DMPX_BM1-N701-A-S507-A_S49_L001,162,0
DMPX_BM1-N701-A-S507-A_S49_L001,163,0
DMPX_BM1-N701-A-S507-A_S49_L001,164,0
DMPX_BM1-N701-A-S507-A_S49_L001,165,0
DMPX_BM1-N701-A-S507-A_S49_L001,166,0
DMPX_BM1-N701-A-S507-A_S49_L001,167,0
DMPX_BM1-N701-A-S507-A_S49_L001,168,0
DMPX_BM1-N701-A-S507-A_S49_L001,169,0
DMPX_BM1-N701-A-S507-A_S49_L001,170,1
DMPX_BM1-N701-A-S507-A_S49_L001,171,0
DMPX_BM1-N701-A-S507-A_S49_L001,172,0
DMPX_BM1-N701-A-S507-A_S49_L001,173,0
DMPX_BM1-N701-A-S507-A_S49_L001,174,0
DMPX_BM1-N701-A-S507-A_S49_L001,175,0
DMPX_BM1-N701-A-S507-A_S49_L001,176,0
DMPX_BM1-N701-A-S507-A_S49_L001,177,0
DMPX_BM1-N701-A-S507-A_S49_L001,178,0
DMPX_BM1-N701-A-S507-A_S49_L001,179,0
DMPX_BM1-N701-A-S507-A_S49_L001,180,0
DMPX_BM1-N701-A-S507-A_S49_L001,181,0
DMPX_BM1-N701-A-S507-A_S49_L001,182,0
DMPX_BM1-N701-A-S507-A_S49_L001,183,0
DMPX_BM1-N701-A-S507-A_S49_L001,184,0
DMPX_BM1-N701-A-S507-A_S49_L001,185,0
DMPX_BM1-N701-A-S507-A_S49_L001,186,2
DMPX_BM1-N701-A-S507-A_S49_L001,187,0
DMPX_BM1-N701-A-S507-A_S49_L001,188,0
DMPX_BM1-N701-A-S507-A_S49_L001,189,0
DMPX_BM1-N701-A-S507-A_S49_L001,190,1
DMPX_BM1-N701-A-S507-A_S49_L001,191,0
DMPX_BM1-N701-A-S507-A_S49_L001,192,0
DMPX_BM1-N701-A-S507-A_S49_L001,193,0
DMPX_BM1-N701-A-S507-A_S49_L001,194,0
DMPX_BM1-N701-A-S507-A_S49_L001,195,0
DMPX_BM1-N701-A-S507-A_S49_L001,196,0
DMPX_BM1-N701-A-S507-A_S49_L001,197,0
DMPX_BM1-N701-A-S507-A_S49_L001,198,0
DMPX_BM1-N701-A-S507-A_S49_L001,199,0
DMPX_BM1-N701-A-S507-A_S49_L001,200,2
DMPX_BM1-N701-A-S508-A_S61_L001,1,0
DMPX_BM1-N701-A-S508-A_S61_L001,2,0
DMPX_BM1-N701-A-S508-A_S61_L001,3,0
DMPX_BM1-N701-A-S508-A_S61_L001,4,0
DMPX_BM1-N701-A-S508-A_S61_L001,5,0
DMPX_BM1-N701-A-S508-A_S61_L001,6,1
DMPX_BM1-N701-A-S508-A_S61_L001,7,0
DMPX_BM1-N701-A-S508-A_S61_L001,8,1
DMPX_BM1-N701-A-S508-A_S61_L001,9,1
DMPX_BM1-N701-A-S508-A_S61_L001,10,8
DMPX_BM1-N701-A-S508-A_S61_L001,11,9
DMPX_BM1-N701-A-S508-A_S61_L001,12,9
DMPX_BM1-N701-A-S508-A_S61_L001,13,21
DMPX_BM1-N701-A-S508-A_S61_L001,14,24
DMPX_BM1-N701-A-S508-A_S61_L001,15,74
DMPX_BM1-N701-A-S508-A_S61_L001,16,392
DMPX_BM1-N701-A-S508-A_S61_L001,17,2348
DMPX_BM1-N701-A-S508-A_S61_L001,18,10750
DMPX_BM1-N701-A-S508-A_S61_L001,19,152
DMPX_BM1-N701-A-S508-A_S61_L001,20,43
DMPX_BM1-N701-A-S508-A_S61_L001,21,25
DMPX_BM1-N701-A-S508-A_S61_L001,22,10
DMPX_BM1-N701-A-S508-A_S61_L001,23,11
DMPX_BM1-N701-A-S508-A_S61_L001,24,8
DMPX_BM1-N701-A-S508-A_S61_L001,25,10
DMPX_BM1-N701-A-S508-A_S61_L001,26,10
DMPX_BM1-N701-A-S508-A_S61_L001,27,9
DMPX_BM1-N701-A-S508-A_S61_L001,28,17
DMPX_BM1-N701-A-S508-A_S61_L001,29,14
DMPX_BM1-N701-A-S508-A_S61_L001,30,27
DMPX_BM1-N701-A-S508-A_S61_L001,31,16
DMPX_BM1-N701-A-S508-A_S61_L001,32,27
DMPX_BM1-N701-A-S508-A_S61_L001,33,33
DMPX_BM1-N701-A-S508-A_S61_L001,34,49
DMPX_BM1-N701-A-S508-A_S61_L001,35,59
DMPX_BM1-N701-A-S508-A_S61_L001,36,104
DMPX_BM1-N701-A-S508-A_S61_L001,37,141
DMPX_BM1-N701-A-S508-A_S61_L001,38,290
DMPX_BM1-N701-A-S508-A_S61_L001,39,804
DMPX_BM1-N701-A-S508-A_S61_L001,40,2132
DMPX_BM1-N701-A-S508-A_S61_L001,41,5194
DMPX_BM1-N701-A-S508-A_S61_L001,42,8490
DMPX_BM1-N701-A-S508-A_S61_L001,43,2295
DMPX_BM1-N701-A-S508-A_S61_L001,44,585
DMPX_BM1-N701-A-S508-A_S61_L001,45,360
DMPX_BM1-N701-A-S508-A_S61_L001,46,85
DMPX_BM1-N701-A-S508-A_S61_L001,47,20
DMPX_BM1-N701-A-S508-A_S61_L001,48,6
DMPX_BM1-N701-A-S508-A_S61_L001,49,5
DMPX_BM1-N701-A-S508-A_S61_L001,50,8
DMPX_BM1-N701-A-S508-A_S61_L001,51,0
DMPX_BM1-N701-A-S508-A_S61_L001,52,5
DMPX_BM1-N701-A-S508-A_S61_L001,53,4
DMPX_BM1-N701-A-S508-A_S61_L001,54,5
DMPX_BM1-N701-A-S508-A_S61_L001,55,4
DMPX_BM1-N701-A-S508-A_S61_L001,56,1
DMPX_BM1-N701-A-S508-A_S61_L001,57,1
DMPX_BM1-N701-A-S508-A_S61_L001,58,1
DMPX_BM1-N701-A-S508-A_S61_L001,59,0
DMPX_BM1-N701-A-S508-A_S61_L001,60,0
DMPX_BM1-N701-A-S508-A_S61_L001,61,1
DMPX_BM1-N701-A-S508-A_S61_L001,62,1
DMPX_BM1-N701-A-S508-A_S61_L001,63,1
DMPX_BM1-N701-A-S508-A_S61_L001,64,2
DMPX_BM1-N701-A-S508-A_S61_L001,65,0
DMPX_BM1-N701-A-S508-A_S61_L001,66,1
DMPX_BM1-N701-A-S508-A_S61_L001,67,0
DMPX_BM1-N701-A-S508-A_S61_L001,68,0
DMPX_BM1-N701-A-S508-A_S61_L001,69,2
DMPX_BM1-N701-A-S508-A_S61_L001,70,0
DMPX_BM1-N701-A-S508-A_S61_L001,71,0
DMPX_BM1-N701-A-S508-A_S61_L001,72,1
DMPX_BM1-N701-A-S508-A_S61_L001,73,0
DMPX_BM1-N701-A-S508-A_S61_L001,74,0
DMPX_BM1-N701-A-S508-A_S61_L001,75,0
DMPX_BM1-N701-A-S508-A_S61_L001,76,0
DMPX_BM1-N701-A-S508-A_S61_L001,77,0
DMPX_BM1-N701-A-S508-A_S61_L001,78,0
DMPX_BM1-N701-A-S508-A_S61_L001,79,0
DMPX_BM1-N701-A-S508-A_S61_L001,80,0
DMPX_BM1-N701-A-S508-A_S61_L001,81,0
DMPX_BM1-N701-A-S508-A_S61_L001,82,0
DMPX_BM1-N701-A-S508-A_S61_L001,83,0
DMPX_BM1-N701-A-S508-A_S61_L001,84,0
DMPX_BM1-N701-A-S508-A_S61_L001,85,0
DMPX_BM1-N701-A-S508-A_S61_L001,86,0
DMPX_BM1-N701-A-S508-A_S61_L001,87,0
DMPX_BM1-N701-A-S508-A_S61_L001,88,0
DMPX_BM1-N701-A-S508-A_S61_L001,89,0
DMPX_BM1-N701-A-S508-A_S61_L001,90,0
DMPX_BM1-N701-A-S508-A_S61_L001,91,0
DMPX_BM1-N701-A-S508-A_S61_L001,92,0
DMPX_BM1-N701-A-S508-A_S61_L001,93,0
DMPX_BM1-N701-A-S508-A_S61_L001,94,0
DMPX_BM1-N701-A-S508-A_S61_L001,95,0
DMPX_BM1-N701-A-S508-A_S61_L001,96,0
DMPX_BM1-N701-A-S508-A_S61_L001,97,0
DMPX_BM1-N701-A-S508-A_S61_L001,98,0
DMPX_BM1-N701-A-S508-A_S61_L001,99,0
DMPX_BM1-N701-A-S508-A_S61_L001,100,0
DMPX_BM1-N701-A-S508-A_S61_L001,101,0
DMPX_BM1-N701-A-S508-A_S61_L001,102,0
DMPX_BM1-N701-A-S508-A_S61_L001,103,0
DMPX_BM1-N701-A-S508-A_S61_L001,104,0
DMPX_BM1-N701-A-S508-A_S61_L001,105,0
DMPX_BM1-N701-A-S508-A_S61_L001,106,0
DMPX_BM1-N701-A-S508-A_S61_L001,107,0
DMPX_BM1-N701-A-S508-A_S61_L001,108,0
DMPX_BM1-N701-A-S508-A_S61_L001,109,0
DMPX_BM1-N701-A-S508-A_S61_L001,110,0
DMPX_BM1-N701-A-S508-A_S61_L001,111,0
DMPX_BM1-N701-A-S508-A_S61_L001,112,0
DMPX_BM1-N701-A-S508-A_S61_L001,113,0
DMPX_BM1-N701-A-S508-A_S61_L001,114,0
DMPX_BM1-N701-A-S508-A_S61_L001,115,0
DMPX_BM1-N701-A-S508-A_S61_L001,116,1
DMPX_BM1-N701-A-S508-A_S61_L001,117,0
DMPX_BM1-N701-A-S508-A_S61_L001,118,0
DMPX_BM1-N701-A-S508-A_S61_L001,119,0
DMPX_BM1-N701-A-S508-A_S61_L001,120,0
DMPX_BM1-N701-A-S508-A_S61_L001,121,0
DMPX_BM1-N701-A-S508-A_S61_L001,122,0
DMPX_BM1-N701-A-S508-A_S61_L001,123,0
DMPX_BM1-N701-A-S508-A_S61_L001,124,0
DMPX_BM1-N701-A-S508-A_S61_L001,125,0
DMPX_BM1-N701-A-S508-A_S61_L001,126,0
DMPX_BM1-N701-A-S508-A_S61_L001,127,0
DMPX_BM1-N701-A-S508-A_S61_L001,128,0
DMPX_BM1-N701-A-S508-A_S61_L001,129,0
DMPX_BM1-N701-A-S508-A_S61_L001,130,0
DMPX_BM1-N701-A-S508-A_S61_L001,131,0
DMPX_BM1-N701-A-S508-A_S61_L001,132,0
DMPX_BM1-N701-A-S508-A_S61_L001,133,0
DMPX_BM1-N701-A-S508-A_S61_L001,134,0
DMPX_BM1-N701-A-S508-A_S61_L001,135,0
DMPX_BM1-N701-A-S508-A_S61_L001,136,0
DMPX_BM1-N701-A-S508-A_S61_L001,137,0
DMPX_BM1-N701-A-S508-A_S61_L001,138,0
DMPX_BM1-N701-A-S508-A_S61_L001,139,0
DMPX_BM1-N701-A-S508-A_S61_L001,140,0
DMPX_BM1-N701-A-S508-A_S61_L001,141,0
DMPX_BM1-N701-A-S508-A_S61_L001,142,0
DMPX_BM1-N701-A-S508-A_S61_L001,143,0
DMPX_BM1-N701-A-S508-A_S61_L001,144,0
DMPX_BM1-N701-A-S508-A_S61_L001,145,0
DMPX_BM1-N701-A-S508-A_S61_L001,146,0
DMPX_BM1-N701-A-S508-A_S61_L001,147,0
DMPX_BM1-N701-A-S508-A_S61_L001,148,0
DMPX_BM1-N701-A-S508-A_S61_L001,149,0
DMPX_BM1-N701-A-S508-A_S61_L001,150,0
DMPX_BM1-N701-A-S508-A_S61_L001,151,0
DMPX_BM1-N701-A-S508-A_S61_L001,152,0
DMPX_BM1-N701-A-S508-A_S61_L001,153,0
DMPX_BM1-N701-A-S508-A_S61_L001,154,0
DMPX_BM1-N701-A-S508-A_S61_L001,155,0
DMPX_BM1-N701-A-S508-A_S61_L001,156,0
DMPX_BM1-N701-A-S508-A_S61_L001,157,0
DMPX_BM1-N701-A-S508-A_S61_L001,158,0
DMPX_BM1-N701-A-S508-A_S61_L001,159,0
DMPX_BM1-N701-A-S508-A_S61_L001,160,0
DMPX_BM1-N701-A-S508-A_S61_L001,161,0
DMPX_BM1-N701-A-S508-A_S61_L001,162,0
DMPX_BM1-N701-A-S508-A_S61_L001,163,0
DMPX_BM1-N701-A-S508-A_S61_L001,164,0
DMPX_BM1-N701-A-S508-A_S61_L001,165,0
DMPX_BM1-N701-A-S508-A_S61_L001,166,0
DMPX_BM1-N701-A-S508-A_S61_L001,167,0
DMPX_BM1-N701-A-S508-A_S61_L001,168,0
DMPX_BM1-N701-A-S508-A_S61_L001,169,0
DMPX_BM1-N701-A-S508-A_S61_L001,170,0
DMPX_BM1-N701-A-S508-A_S61_L001,171,0
DMPX_BM1-N701-A-S508-A_S61_L001,172,0
DMPX_BM1-N701-A-S508-A_S61_L001,173,0
DMPX_BM1-N701-A-S508-A_S61_L001,174,0
DMPX_BM1-N701-A-S508-A_S61_L001,175,0
DMPX_BM1-N701-A-S508-A_S61_L001,176,0
DMPX_BM1-N701-A-S508-A_S61_L001,177,0
DMPX_BM1-N701-A-S508-A_S61_L001,178,0
DMPX_BM1-N701-A-S508-A_S61_L001,179,0
DMPX_BM1-N701-A-S508-A_S61_L001,180,0
DMPX_BM1-N701-A-S508-A_S61_L001,181,0
DMPX_BM1-N701-A-S508-A_S61_L001,182,0
DMPX_BM1-N701-A-S508-A_S61_L001,183,0
DMPX_BM1-N701-A-S508-A_S61_L001,184,0
DMPX_BM1-N701-A-S508-A_S61_L001,185,0
DMPX_BM1-N701-A-S508-A_S61_L001,186,0
DMPX_BM1-N701-A-S508-A_S61_L001,187,0
DMPX_BM1-N701-A-S508-A_S61_L001,188,0
DMPX_BM1-N701-A-S508-A_S61_L001,189,0
DMPX_BM1-N701-A-S508-A_S61_L001,190,0
DMPX_BM1-N701-A-S508-A_S61_L001,191,0
DMPX_BM1-N701-A-S508-A_S61_L001,192,0
DMPX_BM1-N701-A-S508-A_S61_L001,193,0
DMPX_BM1-N701-A-S508-A_S61_L001,194,0
DMPX_BM1-N701-A-S508-A_S61_L001,195,0
DMPX_BM1-N701-A-S508-A_S61_L001,196,0
DMPX_BM1-N701-A-S508-A_S61_L001,197,0
DMPX_BM1-N701-A-S508-A_S61_L001,198,0
DMPX_BM1-N701-A-S508-A_S61_L001,199,0
DMPX_BM1-N701-A-S508-A_S61_L001,200,1
DMPX_BM1-N701-A-S510-A_S73_L001,1,0
DMPX_BM1-N701-A-S510-A_S73_L001,2,1
DMPX_BM1-N701-A-S510-A_S73_L001,3,0
DMPX_BM1-N701-A-S510-A_S73_L001,4,0
DMPX_BM1-N701-A-S510-A_S73_L001,5,2
DMPX_BM1-N701-A-S510-A_S73_L001,6,2
DMPX_BM1-N701-A-S510-A_S73_L001,7,4
DMPX_BM1-N701-A-S510-A_S73_L001,8,5
DMPX_BM1-N701-A-S510-A_S73_L001,9,8
DMPX_BM1-N701-A-S510-A_S73_L001,10,18
DMPX_BM1-N701-A-S510-A_S73_L001,11,11
DMPX_BM1-N701-A-S510-A_S73_L001,12,10
DMPX_BM1-N701-A-S510-A_S73_L001,13,23
DMPX_BM1-N701-A-S510-A_S73_L001,14,52
DMPX_BM1-N701-A-S510-A_S73_L001,15,113
DMPX_BM1-N701-A-S510-A_S73_L001,16,647
DMPX_BM1-N701-A-S510-A_S73_L001,17,4206
DMPX_BM1-N701-A-S510-A_S73_L001,18,19292
DMPX_BM1-N701-A-S510-A_S73_L001,19,256
DMPX_BM1-N701-A-S510-A_S73_L001,20,58
DMPX_BM1-N701-A-S510-A_S73_L001,21,29
DMPX_BM1-N701-A-S510-A_S73_L001,22,18
DMPX_BM1-N701-A-S510-A_S73_L001,23,19
DMPX_BM1-N701-A-S510-A_S73_L001,24,8
DMPX_BM1-N701-A-S510-A_S73_L001,25,13
DMPX_BM1-N701-A-S510-A_S73_L001,26,16
DMPX_BM1-N701-A-S510-A_S73_L001,27,21
DMPX_BM1-N701-A-S510-A_S73_L001,28,26
DMPX_BM1-N701-A-S510-A_S73_L001,29,36
DMPX_BM1-N701-A-S510-A_S73_L001,30,54
DMPX_BM1-N701-A-S510-A_S73_L001,31,59
DMPX_BM1-N701-A-S510-A_S73_L001,32,65
DMPX_BM1-N701-A-S510-A_S73_L001,33,86
DMPX_BM1-N701-A-S510-A_S73_L001,34,133
DMPX_BM1-N701-A-S510-A_S73_L001,35,191
DMPX_BM1-N701-A-S510-A_S73_L001,36,445
DMPX_BM1-N701-A-S510-A_S73_L001,37,1172
DMPX_BM1-N701-A-S510-A_S73_L001,38,3462
DMPX_BM1-N701-A-S510-A_S73_L001,39,8827
DMPX_BM1-N701-A-S510-A_S73_L001,40,14225
DMPX_BM1-N701-A-S510-A_S73_L001,41,3654
DMPX_BM1-N701-A-S510-A_S73_L001,42,856
DMPX_BM1-N701-A-S510-A_S73_L001,43,457
DMPX_BM1-N701-A-S510-A_S73_L001,44,113
DMPX_BM1-N701-A-S510-A_S73_L001,45,23
DMPX_BM1-N701-A-S510-A_S73_L001,46,12
DMPX_BM1-N701-A-S510-A_S73_L001,47,5
DMPX_BM1-N701-A-S510-A_S73_L001,48,4
DMPX_BM1-N701-A-S510-A_S73_L001,49,4
DMPX_BM1-N701-A-S510-A_S73_L001,50,7
DMPX_BM1-N701-A-S510-A_S73_L001,51,7
DMPX_BM1-N701-A-S510-A_S73_L001,52,5
DMPX_BM1-N701-A-S510-A_S73_L001,53,2
DMPX_BM1-N701-A-S510-A_S73_L001,54,1
DMPX_BM1-N701-A-S510-A_S73_L001,55,0
DMPX_BM1-N701-A-S510-A_S73_L001,56,2
DMPX_BM1-N701-A-S510-A_S73_L001,57,2
DMPX_BM1-N701-A-S510-A_S73_L001,58,0
DMPX_BM1-N701-A-S510-A_S73_L001,59,1
DMPX_BM1-N701-A-S510-A_S73_L001,60,0
DMPX_BM1-N701-A-S510-A_S73_L001,61,0
DMPX_BM1-N701-A-S510-A_S73_L001,62,3
DMPX_BM1-N701-A-S510-A_S73_L001,63,2
DMPX_BM1-N701-A-S510-A_S73_L001,64,1
DMPX_BM1-N701-A-S510-A_S73_L001,65,1
DMPX_BM1-N701-A-S510-A_S73_L001,66,0
DMPX_BM1-N701-A-S510-A_S73_L001,67,0
DMPX_BM1-N701-A-S510-A_S73_L001,68,0
DMPX_BM1-N701-A-S510-A_S73_L001,69,0
DMPX_BM1-N701-A-S510-A_S73_L001,70,0
DMPX_BM1-N701-A-S510-A_S73_L001,71,0
DMPX_BM1-N701-A-S510-A_S73_L001,72,1
DMPX_BM1-N701-A-S510-A_S73_L001,73,0
DMPX_BM1-N701-A-S510-A_S73_L001,74,0
DMPX_BM1-N701-A-S510-A_S73_L001,75,0
DMPX_BM1-N701-A-S510-A_S73_L001,76,0
DMPX_BM1-N701-A-S510-A_S73_L001,77,0
DMPX_BM1-N701-A-S510-A_S73_L001,78,0
DMPX_BM1-N701-A-S510-A_S73_L001,79,0
DMPX_BM1-N701-A-S510-A_S73_L001,80,0
DMPX_BM1-N701-A-S510-A_S73_L001,81,0
DMPX_BM1-N701-A-S510-A_S73_L001,82,0
DMPX_BM1-N701-A-S510-A_S73_L001,83,1
DMPX_BM1-N701-A-S510-A_S73_L001,84,0
DMPX_BM1-N701-A-S510-A_S73_L001,85,0
DMPX_BM1-N701-A-S510-A_S73_L001,86,0
DMPX_BM1-N701-A-S510-A_S73_L001,87,0
DMPX_BM1-N701-A-S510-A_S73_L001,88,0
DMPX_BM1-N701-A-S510-A_S73_L001,89,0
DMPX_BM1-N701-A-S510-A_S73_L001,90,0
DMPX_BM1-N701-A-S510-A_S73_L001,91,0
DMPX_BM1-N701-A-S510-A_S73_L001,92,1
DMPX_BM1-N701-A-S510-A_S73_L001,93,0
DMPX_BM1-N701-A-S510-A_S73_L001,94,0
DMPX_BM1-N701-A-S510-A_S73_L001,95,0
DMPX_BM1-N701-A-S510-A_S73_L001,96,0
DMPX_BM1-N701-A-S510-A_S73_L001,97,0
DMPX_BM1-N701-A-S510-A_S73_L001,98,0
DMPX_BM1-N701-A-S510-A_S73_L001,99,0
DMPX_BM1-N701-A-S510-A_S73_L001,100,0
DMPX_BM1-N701-A-S510-A_S73_L001,101,0
DMPX_BM1-N701-A-S510-A_S73_L001,102,0
DMPX_BM1-N701-A-S510-A_S73_L001,103,0
DMPX_BM1-N701-A-S510-A_S73_L001,104,0
DMPX_BM1-N701-A-S510-A_S73_L001,105,0
DMPX_BM1-N701-A-S510-A_S73_L001,106,0
DMPX_BM1-N701-A-S510-A_S73_L001,107,0
DMPX_BM1-N701-A-S510-A_S73_L001,108,1
DMPX_BM1-N701-A-S510-A_S73_L001,109,0
DMPX_BM1-N701-A-S510-A_S73_L001,110,0
DMPX_BM1-N701-A-S510-A_S73_L001,111,0
DMPX_BM1-N701-A-S510-A_S73_L001,112,0
DMPX_BM1-N701-A-S510-A_S73_L001,113,0
DMPX_BM1-N701-A-S510-A_S73_L001,114,1
DMPX_BM1-N701-A-S510-A_S73_L001,115,0
DMPX_BM1-N701-A-S510-A_S73_L001,116,1
DMPX_BM1-N701-A-S510-A_S73_L001,117,0
DMPX_BM1-N701-A-S510-A_S73_L001,118,0
DMPX_BM1-N701-A-S510-A_S73_L001,119,0
DMPX_BM1-N701-A-S510-A_S73_L001,120,0
DMPX_BM1-N701-A-S510-A_S73_L001,121,0
DMPX_BM1-N701-A-S510-A_S73_L001,122,1
DMPX_BM1-N701-A-S510-A_S73_L001,123,0
DMPX_BM1-N701-A-S510-A_S73_L001,124,0
DMPX_BM1-N701-A-S510-A_S73_L001,125,0
DMPX_BM1-N701-A-S510-A_S73_L001,126,0
DMPX_BM1-N701-A-S510-A_S73_L001,127,0
DMPX_BM1-N701-A-S510-A_S73_L001,128,0
DMPX_BM1-N701-A-S510-A_S73_L001,129,0
DMPX_BM1-N701-A-S510-A_S73_L001,130,0
DMPX_BM1-N701-A-S510-A_S73_L001,131,0
DMPX_BM1-N701-A-S510-A_S73_L001,132,0
DMPX_BM1-N701-A-S510-A_S73_L001,133,0
DMPX_BM1-N701-A-S510-A_S73_L001,134,0
DMPX_BM1-N701-A-S510-A_S73_L001,135,0
DMPX_BM1-N701-A-S510-A_S73_L001,136,0
DMPX_BM1-N701-A-S510-A_S73_L001,137,0
DMPX_BM1-N701-A-S510-A_S73_L001,138,0
DMPX_BM1-N701-A-S510-A_S73_L001,139,0
DMPX_BM1-N701-A-S510-A_S73_L001,140,0
DMPX_BM1-N701-A-S510-A_S73_L001,141,0
DMPX_BM1-N701-A-S510-A_S73_L001,142,0
DMPX_BM1-N701-A-S510-A_S73_L001,143,0
DMPX_BM1-N701-A-S510-A_S73_L001,144,0
DMPX_BM1-N701-A-S510-A_S73_L001,145,0
DMPX_BM1-N701-A-S510-A_S73_L001,146,0
DMPX_BM1-N701-A-S510-A_S73_L001,147,1
DMPX_BM1-N701-A-S510-A_S73_L001,148,0
DMPX_BM1-N701-A-S510-A_S73_L001,149,0
DMPX_BM1-N701-A-S510-A_S73_L001,150,0
DMPX_BM1-N701-A-S510-A_S73_L001,151,0
DMPX_BM1-N701-A-S510-A_S73_L001,152,0
DMPX_BM1-N701-A-S510-A_S73_L001,153,0
DMPX_BM1-N701-A-S510-A_S73_L001,154,0
DMPX_BM1-N701-A-S510-A_S73_L001,155,0
DMPX_BM1-N701-A-S510-A_S73_L001,156,0
DMPX_BM1-N701-A-S510-A_S73_L001,157,0
DMPX_BM1-N701-A-S510-A_S73_L001,158,0
DMPX_BM1-N701-A-S510-A_S73_L001,159,0
DMPX_BM1-N701-A-S510-A_S73_L001,160,0
DMPX_BM1-N701-A-S510-A_S73_L001,161,0
DMPX_BM1-N701-A-S510-A_S73_L001,162,0
DMPX_BM1-N701-A-S510-A_S73_L001,163,0
DMPX_BM1-N701-A-S510-A_S73_L001,164,0
DMPX_BM1-N701-A-S510-A_S73_L001,165,0
DMPX_BM1-N701-A-S510-A_S73_L001,166,0
DMPX_BM1-N701-A-S510-A_S73_L001,167,0
DMPX_BM1-N701-A-S510-A_S73_L001,168,0
DMPX_BM1-N701-A-S510-A_S73_L001,169,0
DMPX_BM1-N701-A-S510-A_S73_L001,170,1
DMPX_BM1-N701-A-S510-A_S73_L001,171,0
DMPX_BM1-N701-A-S510-A_S73_L001,172,0
DMPX_BM1-N701-A-S510-A_S73_L001,173,0
DMPX_BM1-N701-A-S510-A_S73_L001,174,0
DMPX_BM1-N701-A-S510-A_S73_L001,175,0
DMPX_BM1-N701-A-S510-A_S73_L001,176,0
DMPX_BM1-N701-A-S510-A_S73_L001,177,0
DMPX_BM1-N701-A-S510-A_S73_L001,178,1
DMPX_BM1-N701-A-S510-A_S73_L001,179,0
DMPX_BM1-N701-A-S510-A_S73_L001,180,0
DMPX_BM1-N701-A-S510-A_S73_L001,181,0
DMPX_BM1-N701-A-S510-A_S73_L001,182,0
DMPX_BM1-N701-A-S510-A_S73_L001,183,0
DMPX_BM1-N701-A-S510-A_S73_L001,184,0
DMPX_BM1-N701-A-S510-A_S73_L001,185,0
DMPX_BM1-N701-A-S510-A_S73_L001,186,1
DMPX_BM1-N701-A-S510-A_S73_L001,187,0
DMPX_BM1-N701-A-S510-A_S73_L001,188,0
DMPX_BM1-N701-A-S510-A_S73_L001,189,0
DMPX_BM1-N701-A-S510-A_S73_L001,190,0
DMPX_BM1-N701-A-S510-A_S73_L001,191,0
DMPX_BM1-N701-A-S510-A_S73_L001,192,0
DMPX_BM1-N701-A-S510-A_S73_L001,193,0
DMPX_BM1-N701-A-S510-A_S73_L001,194,0
DMPX_BM1-N701-A-S510-A_S73_L001,195,0
DMPX_BM1-N701-A-S510-A_S73_L001,196,0
DMPX_BM1-N701-A-S510-A_S73_L001,197,0
DMPX_BM1-N701-A-S510-A_S73_L001,198,0
DMPX_BM1-N701-A-S510-A_S73_L001,199,0
DMPX_BM1-N701-A-S510-A_S73_L001,200,0
DMPX_BM1-N701-A-S511-A_S85_L001,1,0
DMPX_BM1-N701-A-S511-A_S85_L001,2,0
DMPX_BM1-N701-A-S511-A_S85_L001,3,1
DMPX_BM1-N701-A-S511-A_S85_L001,4,2
DMPX_BM1-N701-A-S511-A_S85_L001,5,1
DMPX_BM1-N701-A-S511-A_S85_L001,6,5
DMPX_BM1-N701-A-S511-A_S85_L001,7,0
DMPX_BM1-N701-A-S511-A_S85_L001,8,7
DMPX_BM1-N701-A-S511-A_S85_L001,9,3
DMPX_BM1-N701-A-S511-A_S85_L001,10,12
DMPX_BM1-N701-A-S511-A_S85_L001,11,6
DMPX_BM1-N701-A-S511-A_S85_L001,12,7
DMPX_BM1-N701-A-S511-A_S85_L001,13,9
DMPX_BM1-N701-A-S511-A_S85_L001,14,13
DMPX_BM1-N701-A-S511-A_S85_L001,15,32
DMPX_BM1-N701-A-S511-A_S85_L001,16,36
DMPX_BM1-N701-A-S511-A_S85_L001,17,110
DMPX_BM1-N701-A-S511-A_S85_L001,18,374
DMPX_BM1-N701-A-S511-A_S85_L001,19,2087
DMPX_BM1-N701-A-S511-A_S85_L001,20,8623
DMPX_BM1-N701-A-S511-A_S85_L001,21,172
DMPX_BM1-N701-A-S511-A_S85_L001,22,40
DMPX_BM1-N701-A-S511-A_S85_L001,23,10
DMPX_BM1-N701-A-S511-A_S85_L001,24,8
DMPX_BM1-N701-A-S511-A_S85_L001,25,7
DMPX_BM1-N701-A-S511-A_S85_L001,26,9
DMPX_BM1-N701-A-S511-A_S85_L001,27,7
DMPX_BM1-N701-A-S511-A_S85_L001,28,5
DMPX_BM1-N701-A-S511-A_S85_L001,29,15
DMPX_BM1-N701-A-S511-A_S85_L001,30,8
DMPX_BM1-N701-A-S511-A_S85_L001,31,18
DMPX_BM1-N701-A-S511-A_S85_L001,32,15
DMPX_BM1-N701-A-S511-A_S85_L001,33,13
DMPX_BM1-N701-A-S511-A_S85_L001,34,25
DMPX_BM1-N701-A-S511-A_S85_L001,35,27
DMPX_BM1-N701-A-S511-A_S85_L001,36,37
DMPX_BM1-N701-A-S511-A_S85_L001,37,38
DMPX_BM1-N701-A-S511-A_S85_L001,38,54
DMPX_BM1-N701-A-S511-A_S85_L001,39,73
DMPX_BM1-N701-A-S511-A_S85_L001,40,146
DMPX_BM1-N701-A-S511-A_S85_L001,41,307
DMPX_BM1-N701-A-S511-A_S85_L001,42,736
DMPX_BM1-N701-A-S511-A_S85_L001,43,1704
DMPX_BM1-N701-A-S511-A_S85_L001,44,3712
DMPX_BM1-N701-A-S511-A_S85_L001,45,5384
DMPX_BM1-N701-A-S511-A_S85_L001,46,3223
DMPX_BM1-N701-A-S511-A_S85_L001,47,1809
DMPX_BM1-N701-A-S511-A_S85_L001,48,862
DMPX_BM1-N701-A-S511-A_S85_L001,49,422
DMPX_BM1-N701-A-S511-A_S85_L001,50,196
DMPX_BM1-N701-A-S511-A_S85_L001,51,49
DMPX_BM1-N701-A-S511-A_S85_L001,52,32
DMPX_BM1-N701-A-S511-A_S85_L001,53,14
DMPX_BM1-N701-A-S511-A_S85_L001,54,2
DMPX_BM1-N701-A-S511-A_S85_L001,55,10
DMPX_BM1-N701-A-S511-A_S85_L001,56,0
DMPX_BM1-N701-A-S511-A_S85_L001,57,1
DMPX_BM1-N701-A-S511-A_S85_L001,58,0
DMPX_BM1-N701-A-S511-A_S85_L001,59,2
DMPX_BM1-N701-A-S511-A_S85_L001,60,1
DMPX_BM1-N701-A-S511-A_S85_L001,61,2
DMPX_BM1-N701-A-S511-A_S85_L001,62,0
DMPX_BM1-N701-A-S511-A_S85_L001,63,0
DMPX_BM1-N701-A-S511-A_S85_L001,64,0
DMPX_BM1-N701-A-S511-A_S85_L001,65,0
DMPX_BM1-N701-A-S511-A_S85_L001,66,0
DMPX_BM1-N701-A-S511-A_S85_L001,67,0
DMPX_BM1-N701-A-S511-A_S85_L001,68,0
DMPX_BM1-N701-A-S511-A_S85_L001,69,0
DMPX_BM1-N701-A-S511-A_S85_L001,70,0
DMPX_BM1-N701-A-S511-A_S85_L001,71,0
DMPX_BM1-N701-A-S511-A_S85_L001,72,0
DMPX_BM1-N701-A-S511-A_S85_L001,73,1
DMPX_BM1-N701-A-S511-A_S85_L001,74,0
DMPX_BM1-N701-A-S511-A_S85_L001,75,0
DMPX_BM1-N701-A-S511-A_S85_L001,76,0
DMPX_BM1-N701-A-S511-A_S85_L001,77,13
DMPX_BM1-N701-A-S511-A_S85_L001,78,0
DMPX_BM1-N701-A-S511-A_S85_L001,79,0
DMPX_BM1-N701-A-S511-A_S85_L001,80,0
DMPX_BM1-N701-A-S511-A_S85_L001,81,0
DMPX_BM1-N701-A-S511-A_S85_L001,82,1
DMPX_BM1-N701-A-S511-A_S85_L001,83,0
DMPX_BM1-N701-A-S511-A_S85_L001,84,0
DMPX_BM1-N701-A-S511-A_S85_L001,85,2
DMPX_BM1-N701-A-S511-A_S85_L001,86,0
DMPX_BM1-N701-A-S511-A_S85_L001,87,0
DMPX_BM1-N701-A-S511-A_S85_L001,88,0
DMPX_BM1-N701-A-S511-A_S85_L001,89,0
DMPX_BM1-N701-A-S511-A_S85_L001,90,0
DMPX_BM1-N701-A-S511-A_S85_L001,91,0
DMPX_BM1-N701-A-S511-A_S85_L001,92,0
DMPX_BM1-N701-A-S511-A_S85_L001,93,0
DMPX_BM1-N701-A-S511-A_S85_L001,94,0
DMPX_BM1-N701-A-S511-A_S85_L001,95,0
DMPX_BM1-N701-A-S511-A_S85_L001,96,0
DMPX_BM1-N701-A-S511-A_S85_L001,97,0
DMPX_BM1-N701-A-S511-A_S85_L001,98,0
DMPX_BM1-N701-A-S511-A_S85_L001,99,0
DMPX_BM1-N701-A-S511-A_S85_L001,100,0
DMPX_BM1-N701-A-S511-A_S85_L001,101,0
DMPX_BM1-N701-A-S511-A_S85_L001,102,0
DMPX_BM1-N701-A-S511-A_S85_L001,103,0
DMPX_BM1-N701-A-S511-A_S85_L001,104,0
DMPX_BM1-N701-A-S511-A_S85_L001,105,0
DMPX_BM1-N701-A-S511-A_S85_L001,106,1
DMPX_BM1-N701-A-S511-A_S85_L001,107,0
DMPX_BM1-N701-A-S511-A_S85_L001,108,0
DMPX_BM1-N701-A-S511-A_S85_L001,109,0
DMPX_BM1-N701-A-S511-A_S85_L001,110,0
DMPX_BM1-N701-A-S511-A_S85_L001,111,0
DMPX_BM1-N701-A-S511-A_S85_L001,112,0
DMPX_BM1-N701-A-S511-A_S85_L001,113,0
DMPX_BM1-N701-A-S511-A_S85_L001,114,0
DMPX_BM1-N701-A-S511-A_S85_L001,115,0
DMPX_BM1-N701-A-S511-A_S85_L001,116,2
DMPX_BM1-N701-A-S511-A_S85_L001,117,0
DMPX_BM1-N701-A-S511-A_S85_L001,118,0
DMPX_BM1-N701-A-S511-A_S85_L001,119,0
DMPX_BM1-N701-A-S511-A_S85_L001,120,0
DMPX_BM1-N701-A-S511-A_S85_L001,121,0
DMPX_BM1-N701-A-S511-A_S85_L001,122,0
DMPX_BM1-N701-A-S511-A_S85_L001,123,0
DMPX_BM1-N701-A-S511-A_S85_L001,124,0
DMPX_BM1-N701-A-S511-A_S85_L001,125,0
DMPX_BM1-N701-A-S511-A_S85_L001,126,0
DMPX_BM1-N701-A-S511-A_S85_L001,127,0
DMPX_BM1-N701-A-S511-A_S85_L001,128,1
DMPX_BM1-N701-A-S511-A_S85_L001,129,0
DMPX_BM1-N701-A-S511-A_S85_L001,130,0
DMPX_BM1-N701-A-S511-A_S85_L001,131,0
DMPX_BM1-N701-A-S511-A_S85_L001,132,1
DMPX_BM1-N701-A-S511-A_S85_L001,133,0
DMPX_BM1-N701-A-S511-A_S85_L001,134,0
DMPX_BM1-N701-A-S511-A_S85_L001,135,0
DMPX_BM1-N701-A-S511-A_S85_L001,136,0
DMPX_BM1-N701-A-S511-A_S85_L001,137,1
DMPX_BM1-N701-A-S511-A_S85_L001,138,0
DMPX_BM1-N701-A-S511-A_S85_L001,139,0
DMPX_BM1-N701-A-S511-A_S85_L001,140,0
DMPX_BM1-N701-A-S511-A_S85_L001,141,0
DMPX_BM1-N701-A-S511-A_S85_L001,142,0
DMPX_BM1-N701-A-S511-A_S85_L001,143,0
DMPX_BM1-N701-A-S511-A_S85_L001,144,0
DMPX_BM1-N701-A-S511-A_S85_L001,145,0
DMPX_BM1-N701-A-S511-A_S85_L001,146,0
DMPX_BM1-N701-A-S511-A_S85_L001,147,3
DMPX_BM1-N701-A-S511-A_S85_L001,148,0
DMPX_BM1-N701-A-S511-A_S85_L001,149,1
DMPX_BM1-N701-A-S511-A_S85_L001,150,0
DMPX_BM1-N701-A-S511-A_S85_L001,151,1
DMPX_BM1-N701-A-S511-A_S85_L001,152,0
DMPX_BM1-N701-A-S511-A_S85_L001,153,2
DMPX_BM1-N701-A-S511-A_S85_L001,154,0
DMPX_BM1-N701-A-S511-A_S85_L001,155,0
DMPX_BM1-N701-A-S511-A_S85_L001,156,0
DMPX_BM1-N701-A-S511-A_S85_L001,157,0
DMPX_BM1-N701-A-S511-A_S85_L001,158,0
DMPX_BM1-N701-A-S511-A_S85_L001,159,0
DMPX_BM1-N701-A-S511-A_S85_L001,160,0
DMPX_BM1-N701-A-S511-A_S85_L001,161,0
DMPX_BM1-N701-A-S511-A_S85_L001,162,0
DMPX_BM1-N701-A-S511-A_S85_L001,163,0
DMPX_BM1-N701-A-S511-A_S85_L001,164,0
DMPX_BM1-N701-A-S511-A_S85_L001,165,0
DMPX_BM1-N701-A-S511-A_S85_L001,166,0
DMPX_BM1-N701-A-S511-A_S85_L001,167,0
DMPX_BM1-N701-A-S511-A_S85_L001,168,0
DMPX_BM1-N701-A-S511-A_S85_L001,169,0
DMPX_BM1-N701-A-S511-A_S85_L001,170,0
DMPX_BM1-N701-A-S511-A_S85_L001,171,0
DMPX_BM1-N701-A-S511-A_S85_L001,172,1
DMPX_BM1-N701-A-S511-A_S85_L001,173,0
DMPX_BM1-N701-A-S511-A_S85_L001,174,0
DMPX_BM1-N701-A-S511-A_S85_L001,175,0
DMPX_BM1-N701-A-S511-A_S85_L001,176,0
DMPX_BM1-N701-A-S511-A_S85_L001,177,0
DMPX_BM1-N701-A-S511-A_S85_L001,178,0
DMPX_BM1-N701-A-S511-A_S85_L001,179,0
DMPX_BM1-N701-A-S511-A_S85_L001,180,0
DMPX_BM1-N701-A-S511-A_S85_L001,181,0
DMPX_BM1-N701-A-S511-A_S85_L001,182,0
DMPX_BM1-N701-A-S511-A_S85_L001,183,0
DMPX_BM1-N701-A-S511-A_S85_L001,184,0
DMPX_BM1-N701-A-S511-A_S85_L001,185,0
DMPX_BM1-N701-A-S511-A_S85_L001,186,0
DMPX_BM1-N701-A-S511-A_S85_L001,187,0
DMPX_BM1-N701-A-S511-A_S85_L001,188,0
DMPX_BM1-N701-A-S511-A_S85_L001,189,1
DMPX_BM1-N701-A-S511-A_S85_L001,190,0
DMPX_BM1-N701-A-S511-A_S85_L001,191,2
DMPX_BM1-N701-A-S511-A_S85_L001,192,0
DMPX_BM1-N701-A-S511-A_S85_L001,193,0
DMPX_BM1-N701-A-S511-A_S85_L001,194,0
DMPX_BM1-N701-A-S511-A_S85_L001,195,0
DMPX_BM1-N701-A-S511-A_S85_L001,196,0
DMPX_BM1-N701-A-S511-A_S85_L001,197,0
DMPX_BM1-N701-A-S511-A_S85_L001,198,0
DMPX_BM1-N701-A-S511-A_S85_L001,199,0
DMPX_BM1-N701-A-S511-A_S85_L001,200,1
DMPX_BM1-N701-C-S513-C_S193_L001,1,0
DMPX_BM1-N701-C-S513-C_S193_L001,2,0
DMPX_BM1-N701-C-S513-C_S193_L001,3,0
DMPX_BM1-N701-C-S513-C_S193_L001,4,1
DMPX_BM1-N701-C-S513-C_S193_L001,5,3
DMPX_BM1-N701-C-S513-C_S193_L001,6,1
DMPX_BM1-N701-C-S513-C_S193_L001,7,6
DMPX_BM1-N701-C-S513-C_S193_L001,8,2
DMPX_BM1-N701-C-S513-C_S193_L001,9,3
DMPX_BM1-N701-C-S513-C_S193_L001,10,4
DMPX_BM1-N701-C-S513-C_S193_L001,11,12
DMPX_BM1-N701-C-S513-C_S193_L001,12,5
DMPX_BM1-N701-C-S513-C_S193_L001,13,8
DMPX_BM1-N701-C-S513-C_S193_L001,14,7
DMPX_BM1-N701-C-S513-C_S193_L001,15,46
DMPX_BM1-N701-C-S513-C_S193_L001,16,35
DMPX_BM1-N701-C-S513-C_S193_L001,17,108
DMPX_BM1-N701-C-S513-C_S193_L001,18,179
DMPX_BM1-N701-C-S513-C_S193_L001,19,724
DMPX_BM1-N701-C-S513-C_S193_L001,20,3369
DMPX_BM1-N701-C-S513-C_S193_L001,21,12946
DMPX_BM1-N701-C-S513-C_S193_L001,22,225
DMPX_BM1-N701-C-S513-C_S193_L001,23,49
DMPX_BM1-N701-C-S513-C_S193_L001,24,12
DMPX_BM1-N701-C-S513-C_S193_L001,25,13
DMPX_BM1-N701-C-S513-C_S193_L001,26,15
DMPX_BM1-N701-C-S513-C_S193_L001,27,15
DMPX_BM1-N701-C-S513-C_S193_L001,28,14
DMPX_BM1-N701-C-S513-C_S193_L001,29,12
DMPX_BM1-N701-C-S513-C_S193_L001,30,15
DMPX_BM1-N701-C-S513-C_S193_L001,31,27
DMPX_BM1-N701-C-S513-C_S193_L001,32,30
DMPX_BM1-N701-C-S513-C_S193_L001,33,37
DMPX_BM1-N701-C-S513-C_S193_L001,34,31
DMPX_BM1-N701-C-S513-C_S193_L001,35,77
DMPX_BM1-N701-C-S513-C_S193_L001,36,89
DMPX_BM1-N701-C-S513-C_S193_L001,37,136
DMPX_BM1-N701-C-S513-C_S193_L001,38,330
DMPX_BM1-N701-C-S513-C_S193_L001,39,951
DMPX_BM1-N701-C-S513-C_S193_L001,40,2521
DMPX_BM1-N701-C-S513-C_S193_L001,41,5957
DMPX_BM1-N701-C-S513-C_S193_L001,42,9783
DMPX_BM1-N701-C-S513-C_S193_L001,43,3137
DMPX_BM1-N701-C-S513-C_S193_L001,44,2131
DMPX_BM1-N701-C-S513-C_S193_L001,45,488
DMPX_BM1-N701-C-S513-C_S193_L001,46,167
DMPX_BM1-N701-C-S513-C_S193_L001,47,121
DMPX_BM1-N701-C-S513-C_S193_L001,48,15
DMPX_BM1-N701-C-S513-C_S193_L001,49,12
DMPX_BM1-N701-C-S513-C_S193_L001,50,3
DMPX_BM1-N701-C-S513-C_S193_L001,51,8
DMPX_BM1-N701-C-S513-C_S193_L001,52,3
DMPX_BM1-N701-C-S513-C_S193_L001,53,3
DMPX_BM1-N701-C-S513-C_S193_L001,54,0
DMPX_BM1-N701-C-S513-C_S193_L001,55,0
DMPX_BM1-N701-C-S513-C_S193_L001,56,1
DMPX_BM1-N701-C-S513-C_S193_L001,57,0
DMPX_BM1-N701-C-S513-C_S193_L001,58,2
DMPX_BM1-N701-C-S513-C_S193_L001,59,0
DMPX_BM1-N701-C-S513-C_S193_L001,60,2
DMPX_BM1-N701-C-S513-C_S193_L001,61,1
DMPX_BM1-N701-C-S513-C_S193_L001,62,1
DMPX_BM1-N701-C-S513-C_S193_L001,63,2
DMPX_BM1-N701-C-S513-C_S193_L001,64,1
DMPX_BM1-N701-C-S513-C_S193_L001,65,1
DMPX_BM1-N701-C-S513-C_S193_L001,66,0
DMPX_BM1-N701-C-S513-C_S193_L001,67,0
DMPX_BM1-N701-C-S513-C_S193_L001,68,1
DMPX_BM1-N701-C-S513-C_S193_L001,69,0
DMPX_BM1-N701-C-S513-C_S193_L001,70,0
DMPX_BM1-N701-C-S513-C_S193_L001,71,0
DMPX_BM1-N701-C-S513-C_S193_L001,72,1
DMPX_BM1-N701-C-S513-C_S193_L001,73,1
DMPX_BM1-N701-C-S513-C_S193_L001,74,1
DMPX_BM1-N701-C-S513-C_S193_L001,75,0
DMPX_BM1-N701-C-S513-C_S193_L001,76,0
DMPX_BM1-N701-C-S513-C_S193_L001,77,0
DMPX_BM1-N701-C-S513-C_S193_L001,78,0
DMPX_BM1-N701-C-S513-C_S193_L001,79,0
DMPX_BM1-N701-C-S513-C_S193_L001,80,0
DMPX_BM1-N701-C-S513-C_S193_L001,81,0
DMPX_BM1-N701-C-S513-C_S193_L001,82,0
DMPX_BM1-N701-C-S513-C_S193_L001,83,0
DMPX_BM1-N701-C-S513-C_S193_L001,84,1
DMPX_BM1-N701-C-S513-C_S193_L001,85,0
DMPX_BM1-N701-C-S513-C_S193_L001,86,0
DMPX_BM1-N701-C-S513-C_S193_L001,87,0
DMPX_BM1-N701-C-S513-C_S193_L001,88,1
DMPX_BM1-N701-C-S513-C_S193_L001,89,0
DMPX_BM1-N701-C-S513-C_S193_L001,90,0
DMPX_BM1-N701-C-S513-C_S193_L001,91,0
DMPX_BM1-N701-C-S513-C_S193_L001,92,1
DMPX_BM1-N701-C-S513-C_S193_L001,93,0
DMPX_BM1-N701-C-S513-C_S193_L001,94,0
DMPX_BM1-N701-C-S513-C_S193_L001,95,0
DMPX_BM1-N701-C-S513-C_S193_L001,96,0
DMPX_BM1-N701-C-S513-C_S193_L001,97,0
DMPX_BM1-N701-C-S513-C_S193_L001,98,0
DMPX_BM1-N701-C-S513-C_S193_L001,99,0
DMPX_BM1-N701-C-S513-C_S193_L001,100,0
DMPX_BM1-N701-C-S513-C_S193_L001,101,0
DMPX_BM1-N701-C-S513-C_S193_L001,102,0
DMPX_BM1-N701-C-S513-C_S193_L001,103,0
DMPX_BM1-N701-C-S513-C_S193_L001,104,0
DMPX_BM1-N701-C-S513-C_S193_L001,105,0
DMPX_BM1-N701-C-S513-C_S193_L001,106,0
DMPX_BM1-N701-C-S513-C_S193_L001,107,0
DMPX_BM1-N701-C-S513-C_S193_L001,108,0
DMPX_BM1-N701-C-S513-C_S193_L001,109,0
DMPX_BM1-N701-C-S513-C_S193_L001,110,0
DMPX_BM1-N701-C-S513-C_S193_L001,111,0
DMPX_BM1-N701-C-S513-C_S193_L001,112,0
DMPX_BM1-N701-C-S513-C_S193_L001,113,0
DMPX_BM1-N701-C-S513-C_S193_L001,114,0
DMPX_BM1-N701-C-S513-C_S193_L001,115,0
DMPX_BM1-N701-C-S513-C_S193_L001,116,0
DMPX_BM1-N701-C-S513-C_S193_L001,117,0
DMPX_BM1-N701-C-S513-C_S193_L001,118,1
DMPX_BM1-N701-C-S513-C_S193_L001,119,0
DMPX_BM1-N701-C-S513-C_S193_L001,120,0
DMPX_BM1-N701-C-S513-C_S193_L001,121,0
DMPX_BM1-N701-C-S513-C_S193_L001,122,0
DMPX_BM1-N701-C-S513-C_S193_L001,123,0
DMPX_BM1-N701-C-S513-C_S193_L001,124,0
DMPX_BM1-N701-C-S513-C_S193_L001,125,0
DMPX_BM1-N701-C-S513-C_S193_L001,126,0
DMPX_BM1-N701-C-S513-C_S193_L001,127,0
DMPX_BM1-N701-C-S513-C_S193_L001,128,0
DMPX_BM1-N701-C-S513-C_S193_L001,129,0
DMPX_BM1-N701-C-S513-C_S193_L001,130,1
DMPX_BM1-N701-C-S513-C_S193_L001,131,0
DMPX_BM1-N701-C-S513-C_S193_L001,132,0
DMPX_BM1-N701-C-S513-C_S193_L001,133,0
DMPX_BM1-N701-C-S513-C_S193_L001,134,0
DMPX_BM1-N701-C-S513-C_S193_L001,135,0
DMPX_BM1-N701-C-S513-C_S193_L001,136,0
DMPX_BM1-N701-C-S513-C_S193_L001,137,0
DMPX_BM1-N701-C-S513-C_S193_L001,138,0
DMPX_BM1-N701-C-S513-C_S193_L001,139,0
DMPX_BM1-N701-C-S513-C_S193_L001,140,0
DMPX_BM1-N701-C-S513-C_S193_L001,141,0
DMPX_BM1-N701-C-S513-C_S193_L001,142,0
DMPX_BM1-N701-C-S513-C_S193_L001,143,0
DMPX_BM1-N701-C-S513-C_S193_L001,144,0
DMPX_BM1-N701-C-S513-C_S193_L001,145,0
DMPX_BM1-N701-C-S513-C_S193_L001,146,0
DMPX_BM1-N701-C-S513-C_S193_L001,147,0
DMPX_BM1-N701-C-S513-C_S193_L001,148,0
DMPX_BM1-N701-C-S513-C_S193_L001,149,0
DMPX_BM1-N701-C-S513-C_S193_L001,150,0
DMPX_BM1-N701-C-S513-C_S193_L001,151,0
DMPX_BM1-N701-C-S513-C_S193_L001,152,0
DMPX_BM1-N701-C-S513-C_S193_L001,153,0
DMPX_BM1-N701-C-S513-C_S193_L001,154,0
DMPX_BM1-N701-C-S513-C_S193_L001,155,0
DMPX_BM1-N701-C-S513-C_S193_L001,156,0
DMPX_BM1-N701-C-S513-C_S193_L001,157,0
DMPX_BM1-N701-C-S513-C_S193_L001,158,2
DMPX_BM1-N701-C-S513-C_S193_L001,159,0
DMPX_BM1-N701-C-S513-C_S193_L001,160,0
DMPX_BM1-N701-C-S513-C_S193_L001,161,0
DMPX_BM1-N701-C-S513-C_S193_L001,162,0
DMPX_BM1-N701-C-S513-C_S193_L001,163,0
DMPX_BM1-N701-C-S513-C_S193_L001,164,0
DMPX_BM1-N701-C-S513-C_S193_L001,165,0
DMPX_BM1-N701-C-S513-C_S193_L001,166,0
DMPX_BM1-N701-C-S513-C_S193_L001,167,0
DMPX_BM1-N701-C-S513-C_S193_L001,168,0
DMPX_BM1-N701-C-S513-C_S193_L001,169,0
DMPX_BM1-N701-C-S513-C_S193_L001,170,0
DMPX_BM1-N701-C-S513-C_S193_L001,171,0
DMPX_BM1-N701-C-S513-C_S193_L001,172,0
DMPX_BM1-N701-C-S513-C_S193_L001,173,0
DMPX_BM1-N701-C-S513-C_S193_L001,174,0
DMPX_BM1-N701-C-S513-C_S193_L001,175,0
DMPX_BM1-N701-C-S513-C_S193_L001,176,0
DMPX_BM1-N701-C-S513-C_S193_L001,177,0
DMPX_BM1-N701-C-S513-C_S193_L001,178,0
DMPX_BM1-N701-C-S513-C_S193_L001,179,0
DMPX_BM1-N701-C-S513-C_S193_L001,180,0
DMPX_BM1-N701-C-S513-C_S193_L001,181,0
DMPX_BM1-N701-C-S513-C_S193_L001,182,0
DMPX_BM1-N701-C-S513-C_S193_L001,183,0
DMPX_BM1-N701-C-S513-C_S193_L001,184,0
DMPX_BM1-N701-C-S513-C_S193_L001,185,0
DMPX_BM1-N701-C-S513-C_S193_L001,186,0
DMPX_BM1-N701-C-S513-C_S193_L001,187,0
DMPX_BM1-N701-C-S513-C_S193_L001,188,0
DMPX_BM1-N701-C-S513-C_S193_L001,189,0
DMPX_BM1-N701-C-S513-C_S193_L001,190,0
DMPX_BM1-N701-C-S513-C_S193_L001,191,0
DMPX_BM1-N701-C-S513-C_S193_L001,192,0
DMPX_BM1-N701-C-S513-C_S193_L001,193,0
DMPX_BM1-N701-C-S513-C_S193_L001,194,0
DMPX_BM1-N701-C-S513-C_S193_L001,195,0
DMPX_BM1-N701-C-S513-C_S193_L001,196,0
DMPX_BM1-N701-C-S513-C_S193_L001,197,0
DMPX_BM1-N701-C-S513-C_S193_L001,198,0
DMPX_BM1-N701-C-S513-C_S193_L001,199,0
DMPX_BM1-N701-C-S513-C_S193_L001,200,3
DMPX_BM1-N701-C-S515-C_S205_L001,1,0
DMPX_BM1-N701-C-S515-C_S205_L001,2,1
DMPX_BM1-N701-C-S515-C_S205_L001,3,0
DMPX_BM1-N701-C-S515-C_S205_L001,4,0
DMPX_BM1-N701-C-S515-C_S205_L001,5,2
DMPX_BM1-N701-C-S515-C_S205_L001,6,2
DMPX_BM1-N701-C-S515-C_S205_L001,7,3
DMPX_BM1-N701-C-S515-C_S205_L001,8,1
DMPX_BM1-N701-C-S515-C_S205_L001,9,3
DMPX_BM1-N701-C-S515-C_S205_L001,10,4
DMPX_BM1-N701-C-S515-C_S205_L001,11,4
DMPX_BM1-N701-C-S515-C_S205_L001,12,10
DMPX_BM1-N701-C-S515-C_S205_L001,13,33
DMPX_BM1-N701-C-S515-C_S205_L001,14,55
DMPX_BM1-N701-C-S515-C_S205_L001,15,307
DMPX_BM1-N701-C-S515-C_S205_L001,16,1926
DMPX_BM1-N701-C-S515-C_S205_L001,17,10031
DMPX_BM1-N701-C-S515-C_S205_L001,18,145
DMPX_BM1-N701-C-S515-C_S205_L001,19,18
DMPX_BM1-N701-C-S515-C_S205_L001,20,8
DMPX_BM1-N701-C-S515-C_S205_L001,21,12
DMPX_BM1-N701-C-S515-C_S205_L001,22,6
DMPX_BM1-N701-C-S515-C_S205_L001,23,6
DMPX_BM1-N701-C-S515-C_S205_L001,24,3
DMPX_BM1-N701-C-S515-C_S205_L001,25,4
DMPX_BM1-N701-C-S515-C_S205_L001,26,8
DMPX_BM1-N701-C-S515-C_S205_L001,27,6
DMPX_BM1-N701-C-S515-C_S205_L001,28,9
DMPX_BM1-N701-C-S515-C_S205_L001,29,3
DMPX_BM1-N701-C-S515-C_S205_L001,30,13
DMPX_BM1-N701-C-S515-C_S205_L001,31,11
DMPX_BM1-N701-C-S515-C_S205_L001,32,20
DMPX_BM1-N701-C-S515-C_S205_L001,33,22
DMPX_BM1-N701-C-S515-C_S205_L001,34,28
DMPX_BM1-N701-C-S515-C_S205_L001,35,32
DMPX_BM1-N701-C-S515-C_S205_L001,36,32
DMPX_BM1-N701-C-S515-C_S205_L001,37,39
DMPX_BM1-N701-C-S515-C_S205_L001,38,59
DMPX_BM1-N701-C-S515-C_S205_L001,39,117
DMPX_BM1-N701-C-S515-C_S205_L001,40,210
DMPX_BM1-N701-C-S515-C_S205_L001,41,516
DMPX_BM1-N701-C-S515-C_S205_L001,42,1354
DMPX_BM1-N701-C-S515-C_S205_L001,43,3231
DMPX_BM1-N701-C-S515-C_S205_L001,44,5198
DMPX_BM1-N701-C-S515-C_S205_L001,45,3861
DMPX_BM1-N701-C-S515-C_S205_L001,46,4142
DMPX_BM1-N701-C-S515-C_S205_L001,47,409
DMPX_BM1-N701-C-S515-C_S205_L001,48,137
DMPX_BM1-N701-C-S515-C_S205_L001,49,111
DMPX_BM1-N701-C-S515-C_S205_L001,50,8
DMPX_BM1-N701-C-S515-C_S205_L001,51,1
DMPX_BM1-N701-C-S515-C_S205_L001,52,1
DMPX_BM1-N701-C-S515-C_S205_L001,53,0
DMPX_BM1-N701-C-S515-C_S205_L001,54,1
DMPX_BM1-N701-C-S515-C_S205_L001,55,0
DMPX_BM1-N701-C-S515-C_S205_L001,56,1
DMPX_BM1-N701-C-S515-C_S205_L001,57,0
DMPX_BM1-N701-C-S515-C_S205_L001,58,0
DMPX_BM1-N701-C-S515-C_S205_L001,59,0
DMPX_BM1-N701-C-S515-C_S205_L001,60,0
DMPX_BM1-N701-C-S515-C_S205_L001,61,1
DMPX_BM1-N701-C-S515-C_S205_L001,62,1
DMPX_BM1-N701-C-S515-C_S205_L001,63,0
DMPX_BM1-N701-C-S515-C_S205_L001,64,1
DMPX_BM1-N701-C-S515-C_S205_L001,65,0
DMPX_BM1-N701-C-S515-C_S205_L001,66,0
DMPX_BM1-N701-C-S515-C_S205_L001,67,0
DMPX_BM1-N701-C-S515-C_S205_L001,68,0
DMPX_BM1-N701-C-S515-C_S205_L001,69,0
DMPX_BM1-N701-C-S515-C_S205_L001,70,0
DMPX_BM1-N701-C-S515-C_S205_L001,71,0
DMPX_BM1-N701-C-S515-C_S205_L001,72,1
DMPX_BM1-N701-C-S515-C_S205_L001,73,0
DMPX_BM1-N701-C-S515-C_S205_L001,74,0
DMPX_BM1-N701-C-S515-C_S205_L001,75,0
DMPX_BM1-N701-C-S515-C_S205_L001,76,0
DMPX_BM1-N701-C-S515-C_S205_L001,77,0
DMPX_BM1-N701-C-S515-C_S205_L001,78,1
DMPX_BM1-N701-C-S515-C_S205_L001,79,0
DMPX_BM1-N701-C-S515-C_S205_L001,80,0
DMPX_BM1-N701-C-S515-C_S205_L001,81,0
DMPX_BM1-N701-C-S515-C_S205_L001,82,0
DMPX_BM1-N701-C-S515-C_S205_L001,83,0
DMPX_BM1-N701-C-S515-C_S205_L001,84,0
DMPX_BM1-N701-C-S515-C_S205_L001,85,0
DMPX_BM1-N701-C-S515-C_S205_L001,86,1
DMPX_BM1-N701-C-S515-C_S205_L001,87,0
DMPX_BM1-N701-C-S515-C_S205_L001,88,0
DMPX_BM1-N701-C-S515-C_S205_L001,89,0
DMPX_BM1-N701-C-S515-C_S205_L001,90,0
DMPX_BM1-N701-C-S515-C_S205_L001,91,0
DMPX_BM1-N701-C-S515-C_S205_L001,92,0
DMPX_BM1-N701-C-S515-C_S205_L001,93,0
DMPX_BM1-N701-C-S515-C_S205_L001,94,0
DMPX_BM1-N701-C-S515-C_S205_L001,95,0
DMPX_BM1-N701-C-S515-C_S205_L001,96,1
DMPX_BM1-N701-C-S515-C_S205_L001,97,0
DMPX_BM1-N701-C-S515-C_S205_L001,98,0
DMPX_BM1-N701-C-S515-C_S205_L001,99,0
DMPX_BM1-N701-C-S515-C_S205_L001,100,0
DMPX_BM1-N701-C-S515-C_S205_L001,101,0
DMPX_BM1-N701-C-S515-C_S205_L001,102,0
DMPX_BM1-N701-C-S515-C_S205_L001,103,0
DMPX_BM1-N701-C-S515-C_S205_L001,104,0
DMPX_BM1-N701-C-S515-C_S205_L001,105,0
DMPX_BM1-N701-C-S515-C_S205_L001,106,0
DMPX_BM1-N701-C-S515-C_S205_L001,107,0
DMPX_BM1-N701-C-S515-C_S205_L001,108,0
DMPX_BM1-N701-C-S515-C_S205_L001,109,0
DMPX_BM1-N701-C-S515-C_S205_L001,110,0
DMPX_BM1-N701-C-S515-C_S205_L001,111,0
DMPX_BM1-N701-C-S515-C_S205_L001,112,1
DMPX_BM1-N701-C-S515-C_S205_L001,113,0
DMPX_BM1-N701-C-S515-C_S205_L001,114,0
DMPX_BM1-N701-C-S515-C_S205_L001,115,0
DMPX_BM1-N701-C-S515-C_S205_L001,116,0
DMPX_BM1-N701-C-S515-C_S205_L001,117,0
DMPX_BM1-N701-C-S515-C_S205_L001,118,0
DMPX_BM1-N701-C-S515-C_S205_L001,119,0
DMPX_BM1-N701-C-S515-C_S205_L001,120,0
DMPX_BM1-N701-C-S515-C_S205_L001,121,0
DMPX_BM1-N701-C-S515-C_S205_L001,122,0
DMPX_BM1-N701-C-S515-C_S205_L001,123,0
DMPX_BM1-N701-C-S515-C_S205_L001,124,0
DMPX_BM1-N701-C-S515-C_S205_L001,125,0
DMPX_BM1-N701-C-S515-C_S205_L001,126,0
DMPX_BM1-N701-C-S515-C_S205_L001,127,0
DMPX_BM1-N701-C-S515-C_S205_L001,128,0
DMPX_BM1-N701-C-S515-C_S205_L001,129,0
DMPX_BM1-N701-C-S515-C_S205_L001,130,0
DMPX_BM1-N701-C-S515-C_S205_L001,131,0
DMPX_BM1-N701-C-S515-C_S205_L001,132,0
DMPX_BM1-N701-C-S515-C_S205_L001,133,0
DMPX_BM1-N701-C-S515-C_S205_L001,134,0
DMPX_BM1-N701-C-S515-C_S205_L001,135,0
DMPX_BM1-N701-C-S515-C_S205_L001,136,0
DMPX_BM1-N701-C-S515-C_S205_L001,137,0
DMPX_BM1-N701-C-S515-C_S205_L001,138,0
DMPX_BM1-N701-C-S515-C_S205_L001,139,0
DMPX_BM1-N701-C-S515-C_S205_L001,140,0
DMPX_BM1-N701-C-S515-C_S205_L001,141,0
DMPX_BM1-N701-C-S515-C_S205_L001,142,0
DMPX_BM1-N701-C-S515-C_S205_L001,143,0
DMPX_BM1-N701-C-S515-C_S205_L001,144,0
DMPX_BM1-N701-C-S515-C_S205_L001,145,0
DMPX_BM1-N701-C-S515-C_S205_L001,146,0
DMPX_BM1-N701-C-S515-C_S205_L001,147,0
DMPX_BM1-N701-C-S515-C_S205_L001,148,0
DMPX_BM1-N701-C-S515-C_S205_L001,149,0
DMPX_BM1-N701-C-S515-C_S205_L001,150,0
DMPX_BM1-N701-C-S515-C_S205_L001,151,0
DMPX_BM1-N701-C-S515-C_S205_L001,152,0
DMPX_BM1-N701-C-S515-C_S205_L001,153,0
DMPX_BM1-N701-C-S515-C_S205_L001,154,0
DMPX_BM1-N701-C-S515-C_S205_L001,155,0
DMPX_BM1-N701-C-S515-C_S205_L001,156,0
DMPX_BM1-N701-C-S515-C_S205_L001,157,0
DMPX_BM1-N701-C-S515-C_S205_L001,158,0
DMPX_BM1-N701-C-S515-C_S205_L001,159,0
DMPX_BM1-N701-C-S515-C_S205_L001,160,0
DMPX_BM1-N701-C-S515-C_S205_L001,161,0
DMPX_BM1-N701-C-S515-C_S205_L001,162,0
DMPX_BM1-N701-C-S515-C_S205_L001,163,0
DMPX_BM1-N701-C-S515-C_S205_L001,164,0
DMPX_BM1-N701-C-S515-C_S205_L001,165,0
DMPX_BM1-N701-C-S515-C_S205_L001,166,0
DMPX_BM1-N701-C-S515-C_S205_L001,167,0
DMPX_BM1-N701-C-S515-C_S205_L001,168,0
DMPX_BM1-N701-C-S515-C_S205_L001,169,1
DMPX_BM1-N701-C-S515-C_S205_L001,170,0
DMPX_BM1-N701-C-S515-C_S205_L001,171,0
DMPX_BM1-N701-C-S515-C_S205_L001,172,0
DMPX_BM1-N701-C-S515-C_S205_L001,173,0
DMPX_BM1-N701-C-S515-C_S205_L001,174,0
DMPX_BM1-N701-C-S515-C_S205_L001,175,0
DMPX_BM1-N701-C-S515-C_S205_L001,176,0
DMPX_BM1-N701-C-S515-C_S205_L001,177,0
DMPX_BM1-N701-C-S515-C_S205_L001,178,0
DMPX_BM1-N701-C-S515-C_S205_L001,179,0
DMPX_BM1-N701-C-S515-C_S205_L001,180,0
DMPX_BM1-N701-C-S515-C_S205_L001,181,0
DMPX_BM1-N701-C-S515-C_S205_L001,182,0
DMPX_BM1-N701-C-S515-C_S205_L001,183,0
DMPX_BM1-N701-C-S515-C_S205_L001,184,0
DMPX_BM1-N701-C-S515-C_S205_L001,185,0
DMPX_BM1-N701-C-S515-C_S205_L001,186,0
DMPX_BM1-N701-C-S515-C_S205_L001,187,0
DMPX_BM1-N701-C-S515-C_S205_L001,188,0
DMPX_BM1-N701-C-S515-C_S205_L001,189,0
DMPX_BM1-N701-C-S515-C_S205_L001,190,0
DMPX_BM1-N701-C-S515-C_S205_L001,191,0
DMPX_BM1-N701-C-S515-C_S205_L001,192,0
DMPX_BM1-N701-C-S515-C_S205_L001,193,0
DMPX_BM1-N701-C-S515-C_S205_L001,194,0
DMPX_BM1-N701-C-S515-C_S205_L001,195,0
DMPX_BM1-N701-C-S515-C_S205_L001,196,0
DMPX_BM1-N701-C-S515-C_S205_L001,197,0
DMPX_BM1-N701-C-S515-C_S205_L001,198,0
DMPX_BM1-N701-C-S515-C_S205_L001,199,0
DMPX_BM1-N701-C-S515-C_S205_L001,200,1
DMPX_BM1-N715-A-S511-A_S96_L001,1,0
DMPX_BM1-N715-A-S511-A_S96_L001,2,0
DMPX_BM1-N715-A-S511-A_S96_L001,3,0
DMPX_BM1-N715-A-S511-A_S96_L001,4,0
DMPX_BM1-N715-A-S511-A_S96_L001,5,0
DMPX_BM1-N715-A-S511-A_S96_L001,6,0
DMPX_BM1-N715-A-S511-A_S96_L001,7,0
DMPX_BM1-N715-A-S511-A_S96_L001,8,0
DMPX_BM1-N715-A-S511-A_S96_L001,9,0
DMPX_BM1-N715-A-S511-A_S96_L001,10,0
DMPX_BM1-N715-A-S511-A_S96_L001,11,0
DMPX_BM1-N715-A-S511-A_S96_L001,12,0
DMPX_BM1-N715-A-S511-A_S96_L001,13,2
DMPX_BM1-N715-A-S511-A_S96_L001,14,1
DMPX_BM1-N715-A-S511-A_S96_L001,15,20
DMPX_BM1-N715-A-S511-A_S96_L001,16,8
DMPX_BM1-N715-A-S511-A_S96_L001,17,8
DMPX_BM1-N715-A-S511-A_S96_L001,18,16
DMPX_BM1-N715-A-S511-A_S96_L001,19,3
DMPX_BM1-N715-A-S511-A_S96_L001,20,14
DMPX_BM1-N715-A-S511-A_S96_L001,21,9
DMPX_BM1-N715-A-S511-A_S96_L001,22,2
DMPX_BM1-N715-A-S511-A_S96_L001,23,0
DMPX_BM1-N715-A-S511-A_S96_L001,24,0
DMPX_BM1-N715-A-S511-A_S96_L001,25,0
DMPX_BM1-N715-A-S511-A_S96_L001,26,0
DMPX_BM1-N715-A-S511-A_S96_L001,27,0
DMPX_BM1-N715-A-S511-A_S96_L001,28,0
DMPX_BM1-N715-A-S511-A_S96_L001,29,0
DMPX_BM1-N715-A-S511-A_S96_L001,30,0
DMPX_BM1-N715-A-S511-A_S96_L001,31,0
DMPX_BM1-N715-A-S511-A_S96_L001,32,2
DMPX_BM1-N715-A-S511-A_S96_L001,33,1
DMPX_BM1-N715-A-S511-A_S96_L001,34,3
DMPX_BM1-N715-A-S511-A_S96_L001,35,1
DMPX_BM1-N715-A-S511-A_S96_L001,36,0
DMPX_BM1-N715-A-S511-A_S96_L001,37,0
DMPX_BM1-N715-A-S511-A_S96_L001,38,1
DMPX_BM1-N715-A-S511-A_S96_L001,39,11
DMPX_BM1-N715-A-S511-A_S96_L001,40,17
DMPX_BM1-N715-A-S511-A_S96_L001,41,13
DMPX_BM1-N715-A-S511-A_S96_L001,42,21
DMPX_BM1-N715-A-S511-A_S96_L001,43,14
DMPX_BM1-N715-A-S511-A_S96_L001,44,5
DMPX_BM1-N715-A-S511-A_S96_L001,45,6
DMPX_BM1-N715-A-S511-A_S96_L001,46,7
DMPX_BM1-N715-A-S511-A_S96_L001,47,4
DMPX_BM1-N715-A-S511-A_S96_L001,48,2
DMPX_BM1-N715-A-S511-A_S96_L001,49,5
DMPX_BM1-N715-A-S511-A_S96_L001,50,5
DMPX_BM1-N715-A-S511-A_S96_L001,51,6
DMPX_BM1-N715-A-S511-A_S96_L001,52,5
DMPX_BM1-N715-A-S511-A_S96_L001,53,2
DMPX_BM1-N715-A-S511-A_S96_L001,54,0
DMPX_BM1-N715-A-S511-A_S96_L001,55,0
DMPX_BM1-N715-A-S511-A_S96_L001,56,0
DMPX_BM1-N715-A-S511-A_S96_L001,57,0
DMPX_BM1-N715-A-S511-A_S96_L001,58,0
DMPX_BM1-N715-A-S511-A_S96_L001,59,0
DMPX_BM1-N715-A-S511-A_S96_L001,60,0
DMPX_BM1-N715-A-S511-A_S96_L001,61,0
DMPX_BM1-N715-A-S511-A_S96_L001,62,0
DMPX_BM1-N715-A-S511-A_S96_L001,63,0
DMPX_BM1-N715-A-S511-A_S96_L001,64,0
DMPX_BM1-N715-A-S511-A_S96_L001,65,0
DMPX_BM1-N715-A-S511-A_S96_L001,66,0
DMPX_BM1-N715-A-S511-A_S96_L001,67,0
DMPX_BM1-N715-A-S511-A_S96_L001,68,0
DMPX_BM1-N715-A-S511-A_S96_L001,69,0
DMPX_BM1-N715-A-S511-A_S96_L001,70,0
DMPX_BM1-N715-A-S511-A_S96_L001,71,0
DMPX_BM1-N715-A-S511-A_S96_L001,72,0
DMPX_BM1-N715-A-S511-A_S96_L001,73,0
DMPX_BM1-N715-A-S511-A_S96_L001,74,0
DMPX_BM1-N715-A-S511-A_S96_L001,75,0
DMPX_BM1-N715-A-S511-A_S96_L001,76,0
DMPX_BM1-N715-A-S511-A_S96_L001,77,0
DMPX_BM1-N715-A-S511-A_S96_L001,78,0
DMPX_BM1-N715-A-S511-A_S96_L001,79,0
DMPX_BM1-N715-A-S511-A_S96_L001,80,0
DMPX_BM1-N715-A-S511-A_S96_L001,81,0
DMPX_BM1-N715-A-S511-A_S96_L001,82,0
DMPX_BM1-N715-A-S511-A_S96_L001,83,0
DMPX_BM1-N715-A-S511-A_S96_L001,84,0
DMPX_BM1-N715-A-S511-A_S96_L001,85,0
DMPX_BM1-N715-A-S511-A_S96_L001,86,0
DMPX_BM1-N715-A-S511-A_S96_L001,87,0
DMPX_BM1-N715-A-S511-A_S96_L001,88,0
DMPX_BM1-N715-A-S511-A_S96_L001,89,0
DMPX_BM1-N715-A-S511-A_S96_L001,90,0
DMPX_BM1-N715-A-S511-A_S96_L001,91,0
DMPX_BM1-N715-A-S511-A_S96_L001,92,0
DMPX_BM1-N715-A-S511-A_S96_L001,93,0
DMPX_BM1-N715-A-S511-A_S96_L001,94,0
DMPX_BM1-N715-A-S511-A_S96_L001,95,0
DMPX_BM1-N715-A-S511-A_S96_L001,96,0
DMPX_BM1-N715-A-S511-A_S96_L001,97,0
DMPX_BM1-N715-A-S511-A_S96_L001,98,0
DMPX_BM1-N715-A-S511-A_S96_L001,99,0
DMPX_BM1-N715-A-S511-A_S96_L001,100,0
DMPX_BM1-N715-A-S511-A_S96_L001,101,0
DMPX_BM1-N715-A-S511-A_S96_L001,102,0
DMPX_BM1-N715-A-S511-A_S96_L001,103,0
DMPX_BM1-N715-A-S511-A_S96_L001,104,0
DMPX_BM1-N715-A-S511-A_S96_L001,105,0
DMPX_BM1-N715-A-S511-A_S96_L001,106,0
DMPX_BM1-N715-A-S511-A_S96_L001,107,0
DMPX_BM1-N715-A-S511-A_S96_L001,108,0
DMPX_BM1-N715-A-S511-A_S96_L001,109,0
DMPX_BM1-N715-A-S511-A_S96_L001,110,0
DMPX_BM1-N715-A-S511-A_S96_L001,111,0
DMPX_BM1-N715-A-S511-A_S96_L001,112,0
DMPX_BM1-N715-A-S511-A_S96_L001,113,0
DMPX_BM1-N715-A-S511-A_S96_L001,114,0
DMPX_BM1-N715-A-S511-A_S96_L001,115,0
DMPX_BM1-N715-A-S511-A_S96_L001,116,0
DMPX_BM1-N715-A-S511-A_S96_L001,117,0
DMPX_BM1-N715-A-S511-A_S96_L001,118,0
DMPX_BM1-N715-A-S511-A_S96_L001,119,0
DMPX_BM1-N715-A-S511-A_S96_L001,120,0
DMPX_BM1-N715-A-S511-A_S96_L001,121,0
DMPX_BM1-N715-A-S511-A_S96_L001,122,0
DMPX_BM1-N715-A-S511-A_S96_L001,123,0
DMPX_BM1-N715-A-S511-A_S96_L001,124,0
DMPX_BM1-N715-A-S511-A_S96_L001,125,0
DMPX_BM1-N715-A-S511-A_S96_L001,126,0
DMPX_BM1-N715-A-S511-A_S96_L001,127,0
DMPX_BM1-N715-A-S511-A_S96_L001,128,0
DMPX_BM1-N715-A-S511-A_S96_L001,129,0
DMPX_BM1-N715-A-S511-A_S96_L001,130,0
DMPX_BM1-N715-A-S511-A_S96_L001,131,0
DMPX_BM1-N715-A-S511-A_S96_L001,132,0
DMPX_BM1-N715-A-S511-A_S96_L001,133,0
DMPX_BM1-N715-A-S511-A_S96_L001,134,0
DMPX_BM1-N715-A-S511-A_S96_L001,135,0
DMPX_BM1-N715-A-S511-A_S96_L001,136,0
DMPX_BM1-N715-A-S511-A_S96_L001,137,0
DMPX_BM1-N715-A-S511-A_S96_L001,138,0
DMPX_BM1-N715-A-S511-A_S96_L001,139,0
DMPX_BM1-N715-A-S511-A_S96_L001,140,0
DMPX_BM1-N715-A-S511-A_S96_L001,141,0
DMPX_BM1-N715-A-S511-A_S96_L001,142,0
DMPX_BM1-N715-A-S511-A_S96_L001,143,0
DMPX_BM1-N715-A-S511-A_S96_L001,144,0
DMPX_BM1-N715-A-S511-A_S96_L001,145,0
DMPX_BM1-N715-A-S511-A_S96_L001,146,0
DMPX_BM1-N715-A-S511-A_S96_L001,147,0
DMPX_BM1-N715-A-S511-A_S96_L001,148,0
DMPX_BM1-N715-A-S511-A_S96_L001,149,0
DMPX_BM1-N715-A-S511-A_S96_L001,150,0
DMPX_BM1-N715-A-S511-A_S96_L001,151,0
DMPX_BM1-N715-A-S511-A_S96_L001,152,0
DMPX_BM1-N715-A-S511-A_S96_L001,153,0
DMPX_BM1-N715-A-S511-A_S96_L001,154,0
DMPX_BM1-N715-A-S511-A_S96_L001,155,0
DMPX_BM1-N715-A-S511-A_S96_L001,156,0
DMPX_BM1-N715-A-S511-A_S96_L001,157,0
DMPX_BM1-N715-A-S511-A_S96_L001,158,0
DMPX_BM1-N715-A-S511-A_S96_L001,159,0
DMPX_BM1-N715-A-S511-A_S96_L001,160,0
DMPX_BM1-N715-A-S511-A_S96_L001,161,0
DMPX_BM1-N715-A-S511-A_S96_L001,162,0
DMPX_BM1-N715-A-S511-A_S96_L001,163,0
DMPX_BM1-N715-A-S511-A_S96_L001,164,0
DMPX_BM1-N715-A-S511-A_S96_L001,165,0
DMPX_BM1-N715-A-S511-A_S96_L001,166,0
DMPX_BM1-N715-A-S511-A_S96_L001,167,0
DMPX_BM1-N715-A-S511-A_S96_L001,168,0
DMPX_BM1-N715-A-S511-A_S96_L001,169,0
DMPX_BM1-N715-A-S511-A_S96_L001,170,0
DMPX_BM1-N715-A-S511-A_S96_L001,171,0
DMPX_BM1-N715-A-S511-A_S96_L001,172,0
DMPX_BM1-N715-A-S511-A_S96_L001,173,0
DMPX_BM1-N715-A-S511-A_S96_L001,174,0
DMPX_BM1-N715-A-S511-A_S96_L001,175,0
DMPX_BM1-N715-A-S511-A_S96_L001,176,0
DMPX_BM1-N715-A-S511-A_S96_L001,177,0
DMPX_BM1-N715-A-S511-A_S96_L001,178,0
DMPX_BM1-N715-A-S511-A_S96_L001,179,0
DMPX_BM1-N715-A-S511-A_S96_L001,180,0
DMPX_BM1-N715-A-S511-A_S96_L001,181,0
DMPX_BM1-N715-A-S511-A_S96_L001,182,0
DMPX_BM1-N715-A-S511-A_S96_L001,183,0
DMPX_BM1-N715-A-S511-A_S96_L001,184,0
DMPX_BM1-N715-A-S511-A_S96_L001,185,0
DMPX_BM1-N715-A-S511-A_S96_L001,186,0
DMPX_BM1-N715-A-S511-A_S96_L001,187,0
DMPX_BM1-N715-A-S511-A_S96_L001,188,0
DMPX_BM1-N715-A-S511-A_S96_L001,189,0
DMPX_BM1-N715-A-S511-A_S96_L001,190,0
DMPX_BM1-N715-A-S511-A_S96_L001,191,0
DMPX_BM1-N715-A-S511-A_S96_L001,192,0
DMPX_BM1-N715-A-S511-A_S96_L001,193,0
DMPX_BM1-N715-A-S511-A_S96_L001,194,0
DMPX_BM1-N715-A-S511-A_S96_L001,195,0
DMPX_BM1-N715-A-S511-A_S96_L001,196,0
DMPX_BM1-N715-A-S511-A_S96_L001,197,0
DMPX_BM1-N715-A-S511-A_S96_L001,198,0
DMPX_BM1-N715-A-S511-A_S96_L001,199,0
DMPX_BM1-N715-A-S511-A_S96_L001,200,0
